Mixture,B cells naive,B cells memory,Plasma cells,T cells CD8,T cells CD4 naive,T cells CD4 memory resting,T cells CD4 memory activated,T cells follicular helper,T cells regulatory (Tregs),T cells gamma delta,NK cells resting,NK cells activated,Monocytes,Macrophages M0,Macrophages M1,Macrophages M2,Dendritic cells resting,Dendritic cells activated,Mast cells resting,Mast cells activated,Eosinophils,Neutrophils,P-value,Correlation,RMSE
SA594458,0.28292842260219,0,0.0799704518108017,0.0472320419320403,0,0.246404345175805,0,0,0,0,0.0410976596201192,0.0252428355471384,0.01562603407204,0.00987753749682286,0.0902165038917185,0.0120008792055903,0.0133158018007422,0,0.136087486844991,0,0,0,0.921,-0.043363486285405,1.10740893546019
SA595555,0.199146659973694,0,0.0444339326502603,0.0933300478914107,0,0.305044053090532,0.00552530200448239,0,0.0256307347250277,0,0.0299025000591469,0.011989127622384,0.00139970782613103,0.00120537094411384,0.106956769846539,0.0700300615512921,0.00862126683183007,0,0.0786051365388682,0,0,0.0181793284442873,0.812,-0.0189185487535745,1.10506855265928
SA594388,0.115615367768208,0,0.110955828870113,0.0305501030090502,0,0.117024076091171,0,0,0.036054828519767,0,0.022074548002012,0.0288936304300335,0.0343854687130977,0,0.0660204998173061,0.191133041804073,0.229515926802614,0,0.0177766801725553,0,0,0,0.686,8.75858648790366e-05,1.07444239583305
SA594402,0.21212702609995,0,0.143987018409573,0.0221746314879854,0,0.340415869982168,0,0,0,0,0.0119171946619056,0,0,0.0636754754442552,0.0227569425532041,0,0.095900124564847,0,0.0579499795152204,0,0,0.0290957372808912,0.908,-0.0401529377613867,1.09392444512218
SA594445,0.118374688347328,0,0.0927964107970569,0.00458372713223899,0,0.249891498759489,0,0,0,0,0,0.016098427562095,0,0,0.0502744682712585,0.131443279705099,0.250736762229546,0.0756481038417874,0.00555178000259872,0,0,0.00460085335150223,0.812,-0.0189505089223881,1.07635543802452
SA594463,0.0483350510899699,0,0.187346822122082,0,0,0.291310114945638,0,0,0.00209917850720089,0,0.115699841417425,0.0429147095571406,0,0.0457042642075789,0.00315079939483761,0,0.121476396830013,0.0167363866722811,0.0607847471040394,0,0,0.0644416881517938,0.917,-0.0424057842050012,1.09989649495737
SA594486,0.0936777076091194,0,0.200122181972394,0.0549856514277199,0,0.0627753478331544,0,0.0199573499336105,0,0,0,0.0230580091297145,0,0,0.137302718657722,0.149416341458738,0.00676112574262113,0.0286144742840543,0.149856845741839,0,0,0.0734722462093118,0.9,-0.0381580341015124,1.0886358097692
SA594546,0.0895377182949867,0,0.132130148458731,0,0.0525540745586885,0.224334843895198,0,0.0280332491570421,0,0,0,0.0918099913726288,0,0.0534657615458918,0.0400173682792091,0.000309193727904607,0.0264216514278863,0,0.248210853632036,0,0,0.0131751456497964,0.831,-0.0222189371362661,1.07962483577042
SA594558,0.0721612162399699,0,0.0242135389818698,0.138012943446065,0,0.0147244811396483,0.161741064959727,0,0,0,0,0.0525937249398973,0,0.107528050565228,0.231355801089556,0.0157791734477549,0.0284438488170329,0,0.149458761693269,0,0,0.00398739467998188,0.012,0.429186109292163,0.905450147441895
SA594576,0.124086338480495,0,0.0770258744105303,0.0529939548385234,0,0.162025166638553,0,0.0112302371211185,0.0764284913631693,0,0.0188268545720851,0,0.0458506534433447,0.0426793949082663,0.0969680758433393,0.109500759370212,0.165723988395647,0,0.00829671582708568,0.00370314126169703,0.00466035352593378,0,0.201,0.120434306842493,1.02895691082303
SA594724,0.340854174484979,0,0.250263043512044,0,0.102405832322943,0,0,0.0102189448983835,0,0,0.0018540416228348,0.059322345241763,0,0,0.00943847835067641,0.0860368616782608,0,0,0.139606277888115,0,0,0,0.926,-0.0455680609343501,1.11308801742
SA560644,0.182927128951331,0,0.0769911061640484,0.0341282156560242,0,0.143409643890421,0,0.0164534535014895,0,0,0,0.0100969735689332,0,0,0.0228700234882379,0.0188526739861526,0.0989192225143023,0,0.279606258274116,0.110589522516078,0,0.00515577748886631,0.907,-0.0397080331846329,1.07979154336518
SA594739,0.246002943482754,0,0.0424670451692218,0.126711260207857,0,0.131792437189794,0.00794957672821338,0,0.00445835332703608,0,0,0.0291714203847607,0,0,0.173628828372339,0.106320456213206,0.107254619957354,0,0.0242430589674638,0,0,0,0.508,0.0317511830281286,1.08814168058068
SA594801,0.0394718814742081,0,0.0566176408247219,0,0,0.232460278017579,0,0,0,0,0.0221574274482088,0.00458093622533825,0.0180400318633737,0.0101491998158929,0.050786300040412,0.15814975905109,0.370632242479503,0.0158239219130543,0,0.0211303808466183,0,0,0.13,0.158897984311712,1.01927353548776
SA595191,0.185308225450107,0,0.278658269481131,0.0367023047288863,0,0.100529684527249,0.00593713987401506,0,0.0515944304140225,0,0,0.00600209771442227,0,0.0169049941144018,0.0992267325016178,0,0.208874282873213,0,0.0102618383209334,0,0,0,0.625,0.00952736574702367,1.07587395790539
SA595212,0.00994545592054033,0.0804826880652856,0,0.0399367206698386,0,0.0774859355428258,0,0,0,0,0.0273461920736582,0,0.00243466553153217,0.438655838185792,0.0115744625830813,0.217650071951463,0.0392746527258494,0,0,0.0526408256448656,0.00257249110526785,0,0,0.61605827355551,0.789460240851995
SA595217,0.107760342038029,0,0.0566102251070304,0,0,0.240717489559751,0.000212384595299114,0.0104505752886531,0,0,0,0.0659914953528548,0,0.0879542011556236,0.057714068261681,0.0385478865096844,0.254898909713493,0,0.0357013130208874,0,0.0113673932229467,0.0320737161740652,0.509,0.0315774342671219,1.0636230918798
SA595236,0.143333591006474,0,0.0308508267597951,0.0360758655860661,0,0.156095077338386,0,0,0.023448279429439,0.00738340296950537,0,0.0535377550047439,0,0.0213735095399305,0.0530272846435752,0.287841986601807,0.144474136855051,0,0.0425582842652257,0,0,0,0.352,0.0657366809540992,1.06229794547999
SA595242,0.203316751231601,0,0.180474267509586,0.118191309732782,0,0.0548948008054416,0,0,0.0199195235489685,0,0,0.0588081549171398,0,0,0.134115131285635,0.0283606122999605,0.0803863405432992,0,0.0890314606370669,0,0,0.0325016474885198,0.677,0.00119059661698089,1.08567324744473
SA595251,0.131319629880457,0,0.073001523243809,0.0965361942751058,0,0.186821199547743,0.0138408775961013,0,0.00864114427596324,0,0,0.0308983411336889,0.0311470136085048,0,0.175056061547391,0.118299310361216,0.0124255731523627,0,0.122013131377657,0,0,0,0.687,-1.7993667530225e-05,1.08945120582749
SA595257,0.264779057638937,0,0.197614822165029,0,0,0.151942150917476,0,0.0651864778464585,0,0,0,0.0433764304329248,0,0,0.0301820435685452,0.0595820352208224,0.125246470341092,0,0.0620905118687142,0,0,0,0.985,-0.065083063710493,1.10128332655149
SA595264,0.1686275901551,0,0.135536067625418,0,0,0.225387711314518,0,0.0804988957405486,0.0108319032696634,0,0,0.065956611697572,0.0240613746011892,0.0510477056402342,0.0711877868474695,0,0,0,0.166864353108288,0,0,0,0.905,-0.0393285614669324,1.09195599506116
SA595276,0.144605305939594,0,0.0211458194919524,0.124057067541881,0,0.133622571946072,0.121927962599497,0,0.00195557516456276,0.0599444947588543,0,0.0099129032364283,0,0.0296524286505796,0.0713195710427916,0.12876515488576,0.0727192730944687,0,0.0664319193491476,0,0.0139399522984109,0,0.043,0.287920948784034,0.963815653576108
SA595288,0.154845386858773,0,0.0233137496930388,0.112661750983264,0,0.280177154654394,0,0,0,0.00500228314434258,0,0.00622181755635601,0.0120521912433507,0,0.0905307968759293,0.108993233093515,0.114811604420369,0.0740333945709788,0,0.0173566369056896,0,0,0.593,0.0163887981774854,1.079441237282
SA595294,0.0908050744108108,0,0.220794908769462,0.0246578556834756,0,0.0155881386472934,0,0.125424614656544,0,0,0,0.0453885129590044,0.00676986079992441,0,0.0044028934546123,0.156323379696084,0.0793839332956366,0,0.224352883823175,0,0,0.00610794380397736,0.988,-0.0700966465263717,1.08409209223487
SA595301,0.200329842463724,0,0.251641794558353,0,0,0.0910329808775608,0,0.0333523476930742,0,0,0.0621224018467494,0.0111372915492301,0,0.0122983870208969,0.058622326445941,0,0.00572075114836929,0,0.270773884917106,0,0,0.00296799147899436,0.884,-0.0338485011513618,1.08538125035887
SA595315,0,0,0.147734677285667,0,0.133532472550839,0.0329755546241674,0,0.0417881119174581,0,0,0.0541092692182149,0.000367698542658219,0,0,0.0643175677215096,0.105808510086036,0.000355245008887298,0,0.342871078429843,0.0761398146147191,0,0,0.979,-0.0607792770162495,1.08361378220009
SA595326,0,0.0462068140428547,0,0.0359758350525667,0,0.157739332737933,0,0,0.0193230563751407,0,0.0459581195781138,0,0,0.0864245482527469,0.0065283153557234,0.361085714402487,0.17554088190892,0,0.0652173822935143,0,0,0,0.04,0.294888582558482,0.975277424981097
SA595329,0.0719679849221532,0,0.0787743540263873,0.249680121511927,0,0,0.0319295474927945,5.26110523340239e-05,0.0119623789286821,0,0,0.0455936037698099,0.0963237311526954,0,0.155468951654561,0.127088150310529,0,0,0.131158565178126,0,0,0,0.823,-0.0201838938087175,1.1010980479847
SA595338,0.214174775577419,0,0.104348243843056,0,0,0.165528033594032,0,0.0373948221285708,0.00799881800326408,0,0,0.0658408664428392,0,0,0.000149332783199566,0,0.312928346892631,0.0121429132693058,0.0521310712011564,0.0273627762645274,0,0,0.766,-0.0126594600597191,1.0761214187289
SA595345,0.149929561910641,0,0.0459351802173504,0.00289767432454386,0,0.220477419105768,0,0,0,0,0,0.0200262517435385,0.000986573285347712,0,0.170884009723885,0.082960946036025,0.134033959896333,0,0.165377637209207,0.0064907865473601,0,0,0.83,-0.0221578232000585,1.08760130123234
SA595355,0.217215540952228,0,0.148055422686998,0,0,0.248769521104266,0.0301968155927891,0.000119589338069614,0,0,0,0.0426295705492189,0.0151046951408009,0.0256363360870664,0.0730817526893042,0.0220084234567398,0.0149215920184413,0.0506154357548274,0.11164530462925,0,0,0,0.896,-0.0370906239254519,1.08787413179731
SA595357,0.165514455373919,0,0.188938370706062,0.0366944009615597,0.00305588687574275,0.0958810234634583,0,0,0,0,0,0.0267262959552515,0,0,0.0595831406985292,0.0843186693565222,0,0,0.338305189303984,0,0,0.000982567304971376,0.895,-0.0362227932526548,1.07430656279822
SA595366,0.0411117552364782,0,0.0448478720262132,0.0894449479387825,0,0.113010939020497,0,0,0.0327174401225977,0,0,0.0424705952797569,0.0409860679066658,0.00438373289464307,0.156023173075537,0.0611029341677463,0.216437324573361,0,0,0.134282744992614,0.023180472765106,0,0.456,0.0432794532153548,1.07889573649583
SA595371,0.0734948121605273,0,0.0701698714082304,0.105445933996453,0,0.0627078741510332,0.0215756364444854,0,0.0219133880985979,0,0.0101777651855276,0.0278723636476784,0.0312640240177863,0.0335945471708838,0.261070638612903,0.0525319424842891,0.116569080999502,0,0.111612121622103,0,0,0,0.285,0.0860536491841701,1.07921256542432
SA595378,0.063879179476902,0,0.0317328990179615,0.180116176936839,0,0.0908916416615893,0.0762365982766258,0,0,0,0,0.0245195868648688,0.018017922453188,0.0286026270880984,0.234132846197876,0.0480280951439678,0.134189693253534,0,0.0696527336285494,0,0,0,0.054,0.25494775729739,0.995010892327053
SA595386,0.203438266897874,0,0.057294362392142,0.0918631810469913,0,0.166480356780649,0,0.00407299571922639,0,0,0,0.0392464024062354,0.00981288626571676,0,0.144115792849769,0.0348134434733145,0.0767937861023893,0,0.163128721407482,0,0,0.00893980465820977,0.847,-0.0266942028449658,1.09238246363837
SA595388,0.255160097035205,0,0.106240062439177,0,0,0.186122742826124,0,0,0.0427105818748811,0,0,0.0398479315082373,0,0,0,0.0794821543819943,0.145144523520767,0.0609360037410389,0,0.084355902672575,0,0,0.979,-0.0608951465912691,1.0988177671236
SA595392,0.176025493343394,0,0.0618211830728316,0.124630634509011,0,0.113403648524438,0.0338724220746899,0.0273192688480443,0,0,0.000172529434549306,0.015444250153903,0,0,0.113394440009126,0.128227830913908,0.0914945207408852,0.0294687680176504,0.0689924842538355,0,0,0.0157325261037335,0.583,0.0180174785628025,1.06905981532481
SA595394,0.0205608024630384,0,0.045543274856126,0.0298760528835528,0,0.176495827964243,0.0147050559706941,0,0,0,0,0.017361284797702,0.00793802142394612,0.327444304424491,0.0310350643689236,0.242282306519368,0.0505572097034674,0,0.0362007946244483,0,0,0,0.032,0.320556966452162,0.980254701145396
SA595398,0.0990304122651118,0,0.0990895935356989,0.173808759833272,0,0.155618941426568,0.00853564307668368,0.0137854857084594,0,0,0,0.0769534559132089,0.0281549768049064,0.0371894383075915,0.16065783964366,0.024751282044283,0,0,0.122424171440556,0,0,0,0.742,-0.00936427825167542,1.10831263466217
SA595402,0.0308455826571029,0,0.0655909448641992,0.26103954029847,0,0.121427920158098,0.123864189795064,0,0,0.0105135086327958,0,0,0.0105670284587395,0.0182836979714986,0.275638830653851,0.00444494834677554,0.0758338090327087,0,0,0.00194999913069685,0,0,0.022,0.387195885710783,0.939812424817533
SA595421,0.101651295063239,0,0.0689622127113018,0,0,0.211325950028164,0,0.00073238949535071,0.0253302405759204,0.0474179269320916,0,0.036263142135124,0.0427761397301193,0,0.190300547042316,0.143791099391223,0.0639522593272568,0,0.0674967975678928,0,0,0,0.322,0.0755444222848035,1.06483721096941
SA595432,0.102046259730282,0,0.0240082384306833,0.0340552791985587,0,0.0635520157179512,0,0.0460397092266829,0,0.0141826030468133,0,0.0307856369751982,0.0198446166937844,0,0.017066208044227,0.099519641463917,0.100204647825074,0.0774062261683355,0,0.341641401553596,0.0109570648671277,0.0186904510577684,0.334,0.07186122275542,1.08537449831049
SA595446,0.220743436452893,0,0.0875465398936048,0,0,0.162123610815944,0,0.0417528276013618,0.0522528034287136,0.0177319626574508,0,0.0281307547981179,0,0,0.0926121456351583,0.0701646714690849,0.208975979253349,0,0.0179652679943212,0,0,0,0.859,-0.0283659940358661,1.0869053684594
SA560642,0.163472564177525,0,0.066139090796426,0,0,0.295403597170979,0.00638824800373434,0,0.00786625197630797,0,0,0.044393623319705,0,0.069045471090081,0.132451035680006,0.0806233301606675,0.0440861243465728,0,0.0684507047359266,0,0,0.0216799585420688,0.582,0.0182676610170022,1.07680318837375
SA560673,0.102019279559277,0,0.140296216597662,0.00827025484827742,0,0.0902181586785036,0,0.0286684026348022,0,0,0.0335233090003351,0.0151858022713833,0.017283226718313,0,0.0434479387815527,0.162605604643164,0.267594839225067,0.016893216946172,0.0016541590612908,0,0,0.072339591034201,0.595,0.015413067091565,1.07027450042199
SA560695,0.0534350695940953,0,0.0518250554555639,0.276972687884071,0,0.0735234575547368,0.0225892192263362,0,0.0901406126760166,0,0.0460236722288241,0,0,0.0400276951139561,0.200579760189158,0,0.122049646210341,0,0,0.00367782748636034,0,0.0191552963805413,0.691,-0.000521123138091386,1.12797052717548
SA560702,0.0839296994478684,0,0.0646473553281327,0.127675764793202,0,0.122471314198467,0.0293536851201515,0,0.0211229844905977,0,0.0190855315447508,0,0.0664055383045774,0,0.173064704759586,0.090974274261021,0,0,0.197931040091917,0,0,0.0033381076597278,0.901,-0.0384521054442635,1.09634325439228
SA594207,0.101692356642455,0.0477394090331237,0,0.189671855569618,0,0.289722589525071,0,0,0,0,0,0.0886002452617665,0.00893315155659472,0.0111093873966789,0.059012087097639,0.0741159103929971,0.0626372178682663,0,0.0667657896557897,0,0,0,0.389,0.0563566042660841,1.09041494804583
SA594223,0.138564328635704,0,0.0866317582829792,0,0,0.194086768584309,0,0.0418239137208373,0,0,0,0.0463093334815804,0,0,0.0530132025066965,0.00264923668171797,0.1895887723608,0,0.247332685745376,0,0,0,0.976,-0.0590772152454708,1.07547392819565
SA560659,0.0536181117677071,0,0.0786728248420687,0,0,0.228370843379989,0,0.0871172833750912,0,0,0.063390011992358,0.0314477599692295,0,0.128289036025,0.0272574738522648,0.147209196386654,0,0,0.131063359969126,0,0,0.0235640984405127,0.948,-0.0503961550947147,1.09789376512447
SA560984,0.202794819335228,0,0.0880144762052854,0,0,0.387172273571444,0,0.02150636440656,0,0,0,0.0119656045593986,0.0080548256415192,0,0.0136503668821252,0.12072567009494,0.0938691497550724,0,0.0507635445974463,0.00148290495098105,0,0,0.978,-0.0598501206123524,1.10520026112491
SA560735,0.152962553139695,0,0.104780047158407,0.0382586574507903,0,0.0918007590129219,0,0.111828564093871,0,0,0,0.0694656703805411,0.00870438862617482,0,0.133968525512867,0.0707728286204628,0.0984987685454156,0,0.0878902873173852,0.0247321086708284,0,0.00633684147064074,0.98,-0.0619671755593424,1.10442527313401
SA560677,0.113960464289511,0,0.0777055540428214,0.00737786320061886,0,0.242825203376493,0,0.004082526445116,0,0,0.00528107346367237,0.00612706719222909,0,0.175741015694218,0,0.0691111950724919,0,0.0250067133431798,0.240817888777728,0.0319634351019207,0,0,0.286,0.0859333220473208,1.0404502614727
SA594269,0.0606754786219638,0,0.074154252643766,0,0,0.212617430838664,0,0.108353520520237,0.0175179167637464,0,0.0126155650736455,0.0676901829454134,0,0.0620554927698523,0.142151000731262,0,0.0810570945617697,0,0.156845654363464,0,0,0.00426641016621699,0.986,-0.0690629905093729,1.11018884311086
SA594297,0.202557325874416,0,0.12873728149841,0,0,0.0540833409117467,0,0.047048445601546,0.0294623738127037,0,0,0.0379619394681301,0,0,0.0727849086691369,0.144407085822681,0,0,0.250778127700993,0,0,0.032179170640236,0.986,-0.0679403112994408,1.0871348072674
SA594313,0.124130864987847,0,0.0173634334764076,0.0518102555968598,0,0.374877413849617,0,0,0,0,0,0.0233200615813697,0.00914147072778416,0,0.00970827490321026,0.161946698360138,0.125815336260793,0,0.101886190255973,0,0,0,0.859,-0.0284156731186667,1.09042616782289
SA560675,0.229378617716567,0,0.0641426577674053,0,0,0.156544616643165,0,0,0,0,0,0.0105949070977883,0.0444882355191783,0,0.0737704219947972,0.00797683009128857,0.169491449269515,0.0405845567735175,0.00626208641131416,0.196765620715464,0,0,0.86,-0.0291653642388122,1.09395534992258
SA560638,0.181219183882558,0,0.0713326471145154,0,0,0.159432319220675,0,0.0138008432086948,0,0,0,0.0330438277039839,0,0,0.00598676988334488,0.171147049670266,0.231169048919098,0.0836371512151167,0.0133972486518012,0,0,0.0358339105299458,0.835,-0.0232332139557997,1.08200830400098
SA594340,0.116179087285541,0,0.0595511907277616,0.199006928207611,0,0.114809567446161,0,0.0138751156136708,0.00360933673102382,0,0,0.0228181706825411,0.00659877241502454,0,0.164452247322671,0.0646187413862418,0.196057849773304,0,0.038422992408447,0,0,0,0.094,0.198072435101473,1.00887823338638
SA594358,0.0692301968482475,0,0.0545322369779998,0.240150582900786,0,0,0.0824664769749104,0.00963977872752726,0.00635007306438782,0.0185421630720979,0,0.0240522648662549,0.0115489897452888,0.024117776118655,0.172934297351262,0.13502934848676,0.0497537971953351,0,0.101652017670487,0,0,0,0.595,0.0149702505202677,1.09114762523418
SA560713,0.0953724274730075,0,0.0711969871360045,0,0,0.180197747175216,0.0316019009430212,0,0.0149723852118767,0,0,0.00838689551183247,0.00943901127697466,0,0.021419360202097,0.199911505347827,0.260628528999076,0,0.106873250723066,0,0,0,0.693,-0.00162818761502476,1.06946321327952
SA594368,0.139762990116544,0,0.160037946453786,0.0424343277638245,0,0.374463637252666,0,0,0,0,0.00328640276202735,0.0184099124875678,0.00460334630932716,0,0.0139647037351374,0.0854397152200487,0.113006770817222,0,0.0445902470818481,0,0,0,0.859,-0.0281826053123028,1.08952836907775
SA560636,0.185185103280459,0,0.10674923744079,0.0855495780357138,0,0.175630959335864,0,0,0.0124642887510349,0,0,0.0503677123015301,0.00778152814417961,0,0.144278666842972,0.0523950491756277,0.0631541011262478,0,0.116443775565581,0,0,0,0.945,-0.0498219516098015,1.10428228949828
SA560653,0.185416773416777,0,0.117076757572634,0,0.0310952620225353,0.0822358379721306,0,0,0,0,0.0300526371591841,0.00692998199391534,0,0,0.00557595862164467,0.0609376402549207,0,0,0.477160319615586,0,0,0.00351883137067164,0.921,-0.0437969800793419,1.08115627359105
SA594383,0.0717944942850857,0,0.106073558602788,0.151654752471245,0,0.0187949802421213,0.0410325986137691,0,0.0766418322202451,0,0,0,0.0261702558413452,0.0445929908211244,0.214182727008207,0.143812707344373,0.0659960340703375,0,0.0392530684793585,0,0,0,0.011,0.431561777796058,0.901383896454243
SA594397,0.183024072436982,0,0.0968527324623893,0,0,0.0153469469253143,0,0.00898098964447016,0.0681087780779268,0,0,0.00368849864092859,0,0,0.0030903529359972,0.181745271411631,0.063604161899525,0.123258937772146,0.107967921275118,0.144331336517571,0,0,0.95,-0.0515974999037721,1.09368373602281
SA560739,0.156772317190707,0,0.0715045866415543,0.0109838606286503,0,0.107076310901099,0,0,0,0,0.00471953300842613,0.00688975362756401,0.014668391705768,0,0.0357192644031403,0.404269958592382,0.138868327884105,0,0.0322044965083771,0,0,0.0163231989082266,0.478,0.0374719508024018,1.09069039848367
SA561027,0.203433984106413,0,0.156205237956819,0,0.00967665362218676,0,0,0.216185252228508,0,0,0,0.0718063757828813,0.03355894432043,0.0191847623973064,0.0667738968928147,0.128690745080023,0,0.0640563206604655,0.0304278269521521,0,0,0,0.937,-0.0481282619809128,1.09996961406135
SA594414,0.00957887357739418,0.0264169084232585,0.00292294178892077,0.0292732309523602,0,0.0994298715073048,0,0.00370884349149353,0.0251691192915845,0.0078841677928433,0,0.0470977313014353,0,0,0,0.156585521366567,0.335759549389695,0.0212928134970146,0,0.218751926738479,0.0161285008816496,0,0.0570000000000001,0.247535478803537,0.995471793286936
SA560697,0.0721901862110949,0,0.155676819585599,0.0136156676971046,0,0.162386886088114,0,0.0188693070161383,0,0,0,0.0510412062585993,0,0.00689414334660688,0.101249106052493,0,0.315208450697588,0,0.102868227046663,0,0,0,0.871,-0.0316100674352778,1.07479252815204
SA594432,0.213112886112918,0,0.0790865597710258,0.0896386158765277,0,0.127813319924224,0,0.00107294800909789,0.00200796555998894,0,0,0.0193236419002446,0.0184109879446431,0,0.0414479106662236,0.0976092975991587,0.221178700523086,0.0256300991019728,0.0636670670108887,0,0,0,0.938,-0.0484362676589857,1.08328821618591
SA560741,0.0434305361584596,0,0.0172091316276016,0.101057112069935,0,0.38893609861591,0,0,0.0140032709491619,0,0,0.0265983041943517,0,0,0.000645511838097575,0.183845974600415,0.102864097138478,0.0324605610824256,0.0057409021367132,0.0386699296604708,0,0.0445385699279796,0.111,0.173709150810234,1.02115089207849
SA560647,0.114837742928092,0,0.0383366620429695,0.0788851054417196,0,0.150426685491772,0,0,0,0,0,0.0182048693112451,0,0.00961796594788645,0.0265805986669739,0.191980971168715,0.17971416812058,0.0269554144485824,0.164459816431463,0,0,0,0.544,0.0248898910388872,1.05569260199786
SA560685,0.0527452845572001,0,0.0141274600540258,0.260057044252767,0,0,0.0660618890283189,0.00485710626559818,0.1157679084706,0,0,0.0673703272683188,0.0126104844540969,0.10162325401432,0.133270126368882,0.0373951564278429,0.0949840132706989,0,0.0391299455673303,0,0,0,0.354,0.0655052049328433,1.08492003717807
SA594500,0.0346307522263963,0,0.290742409394684,0,0.0545568758418614,0.183534900876746,0.012154811221113,0,0,0,0.0858542705203939,0.00401923084104842,0.0384815530722142,0.0211656800481138,0.0800955887681647,0.00800410433460706,0.0433547251325368,0,0.143405097722121,0,0,0,0.813,-0.0191696110926052,1.07549884153903
SA594507,0.0280517108534468,0,0.0433080572357837,0.145476144683042,0,0.15567283570929,0.014661541526331,0,0.0409466936617628,0,0.0039807968042492,0.0294688917820765,0.0360382210005798,0.0959959938745958,0.134131534116377,0.105520032423157,0.0669506435209715,0,0.0966734760880132,0,0,0.00312342672032395,0.306,0.0801893874126946,1.05396760730862
SA594514,0.0956161791275223,0,0.0361103088275211,0,0,0.216671828614832,0,0.0217488964904776,0.020088268085823,0,0.0305660379932305,0.018337991291255,0.0174312552206673,0.0832160700667147,0.0060116138940638,0.195037997028934,0.178249346656415,0,0.0809142067025432,0,0,0,0.143,0.150394785194632,1.02089545603725
SA594531,0.103497848388678,0,0.038684336553917,0.0603595779967654,0,0.2066567920987,0.0122430821926869,0,0.0247357127523634,0,0,0.0534477342351853,0.0206301989388973,0,0.0828203911443795,0.129638278944657,0.0857511588563259,0.023139698976166,0.108062904468077,0,0,0.0503322844532017,0.169,0.133917541306639,1.02242541503434
SA561015,0.131511564823857,0,0.0544791968294462,0.0376147691779741,0,0.172994499192558,0.0156878948655469,0,0.00684783765144204,0,0,0.0453491013205889,0,0.0402981631624009,0.238418365368136,0.0859679105188273,0.0845490620092255,0,0.0858288801102171,0,0,0.000452754969780275,0.097,0.191127412853852,1.02522210926979
SA560630,0.114019872408806,0,0.0636716110545569,0,0,0.33690255855469,0,0,0.00106476015134681,0,0,0.0315354212683879,0.0523248936209907,0.00248789493808957,0.0493160712458409,0.0936770290166982,0.238819270129122,0,0.0161806176114702,0,0,0,0.651,0.00584015734202379,1.06951616116529
SA560667,0.0778233490087791,0,0.161087034241499,0.0682540088477352,0,0.253328451133964,0,0.050537805596521,0,0,0.0286604211345222,0.062358826126463,0.031619981957539,0.0439363929557925,0,0,0.0709081705657832,0.0120611621701479,0.124874295017625,0,0.0145501012436285,0,0.979,-0.0605762850578866,1.10141533532226
SA560704,0.128948579928164,0,0.0771872812893487,0,0,0.156311809351939,0,0.0274061277490714,0.00318290539266127,0,0,0.0159864453981507,0.0153319848618309,0,0.0452244371162321,0.10568507913662,0.270122130096735,0.0892248819005535,0.00903305209605855,0.0381504593707701,0,0.0182048263118646,0.483,0.036355303914293,1.05571512474153
SA560628,0.179094032186849,0,0.0662713453052026,0.0280189863327662,0,0.200618435859848,0,0,0.0394791522485046,0,0,0.109027056336501,0,0.0402179847227729,0.0258507797500274,0.0338811795219154,0.0260546650485866,0,0.215359778602293,0,0,0.0361266040847339,0.96,-0.0534573493550716,1.10187919413792
SA560689,0.0464513614067801,0,0.0221432466967704,0.161288168221002,0,0.166891911377622,0.0483422657033394,0,0.038976015171185,0,0.0197142273396124,0.0271293767653837,0.0272711572652687,0.0355113674010909,0.147369067694792,0.0715684059125549,0,0,0.187343429044598,0,0,0,0.925,-0.0453683204442862,1.10899684622911
SA560706,0.171962234307675,0,0.111387568458845,0,0,0.161299500321482,0,0,0.019230745720422,0,0,0.0736408137345698,0.0145807042036933,0,0.0653018687226777,0.0332310248854827,0.177967967082418,0.0819881215370156,0.0581014629344236,0,0,0.0313079880912954,0.979,-0.0608159217522449,1.09058877043726
SA594586,0.0903621419639393,0,0.113423040618174,0,0,0.224153764428985,0,0.129719670456752,0,0,0,0.0900513200695841,0.0494104567430841,0.024391359984976,0,0,0,0.054375303548978,0.22064285790971,0,0,0.00347008427581783,0.931,-0.0464515549023153,1.09382670473098
SA560634,0.107768454519587,0,0.0201199772653495,0.0147216763284297,0,0.230109788224005,0,0.000655850301925307,0,0,0,0.0283414939229929,0.00195829033826144,0,0.0450283026362358,0.123388596936679,0.348632766641842,0,0.0654060462743778,0,0,0.0138687566103148,0.792,-0.0162904612944235,1.07951173080974
SA594599,0.211621772415982,0,0.116784401530902,0,0,0.148444252605811,0,0.0305811575561099,0,0,0,0.0625323713419201,0.0067103467141374,0,0.0442796884924701,0.137341821069518,0.0824641117374472,0,0.126425279218477,0,0,0.0328147973172253,0.999,-0.0848425669629395,1.09661745140768
SA594611,0.12473086969699,0,0.0138448971762298,0.083703389426111,0,0.28755358364721,0.00485016650624868,0.00840169875242887,0,0,0,0.0286830825744111,0.0223149301165189,0,0.250482851732737,0.0765737290798087,0.058872441989674,0,0.0399883593016325,0,0,0,0.081,0.224260746951485,1.02038508611371
SA594627,0.15739166850992,0,0.0930179283504506,0.0106946986974877,0,0.337881620894375,0,0,0.0154667283966315,0,0,0.0357859635484058,0,0.00774823173277817,0.034284448866919,0.0903604751794127,0.170483158460517,0.00354283462383191,0.0275752737278229,0,0,0.0157669690114477,0.983,-0.0634716151098815,1.09775589184464
SA560728,0.0948569393649592,0,0.326990025204581,0.0390047173809283,0,0.0452234041951801,0.0230911049891023,0,0,0,0,0.0602920811292055,0,0.133668401463945,0.0870420607539556,0.0632424850559362,0.0539823851968421,0,0.0726063952653647,0,0,0,0.144,0.149035781693919,1.02573960734815
SA594647,0.216025849662386,0,0.13486441299966,0,0,0.308026152609908,0,0,0,0,0,0.0189086959664636,0,0,0.033834271080661,0.149743947892324,0.138596669788597,0,0,0,0,0,0.855,-0.027731815856986,1.08848886730812
SA560665,0.240270578553192,0,0.211666575713257,0.0413045589597478,0,0.0769131852968334,0,0.0339027125549028,0,0,0,0.0823579753438557,0.00489493870867712,0,0,0.158447555676575,0.0663300370198,0,0.0821704395390565,0,0.00174144263410256,0,0.567,0.0209100107484436,1.07306244369181
SA594677,0.182005358808743,0,0.0767855097658679,0.0257059239309077,0,0.248665425725585,0,0,0.0197059642736378,0,0.012529859197011,0.0548132410727414,0,0.0566347804143485,0.015468106897538,0,0.108002748213856,0,0.153993758962183,0,0,0.0456893227375821,0.822,-0.0200777052332536,1.07829532262447
SA594692,0.310333124005789,0,0.0558793031395027,0,0,0.158746126148292,0,0.065105552440601,0.00295400824537679,0,0,0.0275074224129723,0,0.0394266371805201,0.100110498503105,0.00736161589762566,0.218747388425085,0,0.0138283236011315,0,0,0,0.828,-0.021480531076844,1.09278176687942
SA560711,0.269784134546821,0,0.0687693725451654,0.0395157059515893,0,0.141769876183177,0,0.0406463484055484,0,0,0.0426024560942838,0,0.0111659727226071,0,0.0181049100854349,0.128425690232035,0.0375607410982607,0,0,0.179484943196558,0,0.0221698489385199,0.908,-0.0402069443856581,1.10406388227808
SA560737,0.131508788770346,0,0.0663184342981844,0,0,0.116777276378045,0,0.00354348495358415,0.024707685957623,0,0,0,0,0,0.00517317490603758,0.308253913507379,0.111851013882523,0.0752324270008736,0.0666153454054228,0.0900184549399818,0,0,0.408,0.0526336789629288,1.06366566925775
SA594777,0.274272237647642,0,0.0985176472543471,0.144613555489694,0,0.0495071025750424,0.0208456551727802,0,0.00482512772186836,0,0,0.0468730843382957,0,0.0780831652717813,0.0950454916836448,0.130688580845851,0.0156422663261307,0.0293142965408423,0.0117717891320805,0,0,0,0.874,-0.032150539388797,1.1053932260525
SA594792,0.10653209963964,0,0.032357416017859,0.0268655574349905,0,0.230954529588844,0,0,0.00435447219721553,0,0.0237621430539561,0,0.0198533976356728,0,0.00908976077242103,0.117804779849905,0.315076616798056,0.0195648482943431,0.090156280695156,0.00362809802194138,0,0,0.642,0.00721103609656639,1.06469821681886
SA560671,0.155234344639085,0,0.066772774370462,0.0316970153449086,0,0.225256734950024,0,0,0.0263284312873633,0,0,0.0506412944810036,0,0,0.121086021085966,0.138462562664849,0.0574728070701304,0,0.121441903153345,0,0,0.00560611095286202,0.786,-0.0155830961807842,1.08309262131359
SA560693,0.113345300120208,0,0.0696285113794406,0,0,0.133079752515517,0,0.011757266659825,0.0382252261375575,0,0.00333048096200379,0,0.0147111684834082,0,0.0751776991236046,0.123638254110232,0.175735926143834,0.0410620544018785,0.174459183653243,0,0,0.025849176309247,0.728,-0.0073451783766851,1.06177485979153
SA594821,0.179834582502403,0,0.0978813108343507,0.0164991673915391,0,0.143571170134374,0,0.00605164248387827,0,0,0,0.0299336855767158,0.015135904205031,0,0.0326971234745186,0.10680931009541,0.212821506239935,0.0395371056568034,0.119227491405041,0,0,0,0.786,-0.0154688917735234,1.06485479584318
SA595195,0.137863623612711,0,0.235500267770564,0.322225902397641,0,0,0.0699558580848341,4.08712821042907e-05,0.0450835559460578,0,0,0.0263921374257279,0.0349772814971213,0.00570419158318313,0.0360198803683229,0,0,0,0,0.0716763278149782,0,0.0145601022167543,0.875,-0.0323875188467435,1.12193733183617
SA595204,0.169185700018876,0,0.0402744120021808,0.0566390234849054,0,0.0760886192493108,0.079327187685815,0.00275026417635535,0,0,0,0.06726351873107,0,0.126989616314907,0.185486328267746,0.0861983615792286,0.00535350693880387,0.0951917565464096,0.00514041442860258,0,0.00411129057578943,0,0.016,0.401778524484854,0.921144276037741
SA560699,0.23705218803253,0,0.0750568185080407,0,0,0.300381941436393,0,0.00935286132750749,0,0,0,0.0736529614436003,0,0,0.0312126217985218,0.0671815117186934,0.162118976873724,0,0.0439901188609885,0,0,0,0.986,-0.0682509564672417,1.10832991964445
SA595224,0.154185613620119,0,0.0928798962215496,0.00142050592587745,0,0.12928693418384,0,0.0784684938069188,0.0107096101293513,0,0,0.0460192798860839,0,0,0.0185080300132889,0.174922965236145,0.0570806514934955,0.0512092803057212,0.100810869970512,0.0424204252568314,0,0.0420774439502656,0.962,-0.054778136228461,1.08493655048948
SA560719,0.300995247987479,0,0.121372632914671,0.0527852631670544,0,0.205764371585462,0,0.0148022489906633,0.0027356137227807,0,0,0.0506444377797353,0.029699222174658,0.0784744221261996,0.0110050180928153,0.0250564669337691,0,0,0.104497302163329,0,0.00216775236138201,0,0.897,-0.0375988040888261,1.10201709317747
SA560622,0.172574422387669,0,0.155125407880555,0,0,0.270931940158234,0,0,0.012847937891477,0,0,0.0634850204136904,0,0.0597446058471676,0.0585182600008264,0.046543146306205,0.114468544687716,0,0.0457607144264596,0,0,0,0.957,-0.0527639921974265,1.09360350100067
SA560709,0.163823476130194,0,0.0429681340089301,0.0152628388935537,0,0.100931081347117,0,0,0.0319354466441138,0,0,0.0332989038577532,0.00498295536733839,0,0.0479405615166396,0.117614792343442,0.371934219444254,0.0331139958875313,0.0361935945591328,0,0,0,0.253,0.0944214028019731,1.04124154529894
SA560670,0.0773746673732479,0,0.0576999480453751,0.0295467536587577,0,0.194547075814696,0.0283270525530211,0,0.0295101944346748,0,0,0.000455821026326302,0.0111367434604819,0,0.0456645454650802,0.140568801999348,0.26667276859702,0.0199489194461366,0.0798427350899291,0,0,0.0187039730359051,0.423,0.0503918661966561,1.04736233976369
SA560733,0.121703863975448,0,0.0439929892419772,0.0671611482677844,0,0.19521151508285,0.0124607825386846,0.00239479634161468,0.0201572988180276,0,0,0.00771941844814505,0.00837912622306228,0.0467509661139424,0.207452772092159,0.0528758599365752,0.198662822933912,0,0.0100044036698053,0,0.00507223631601196,0,0.04,0.294587657134968,0.96934510182233
SA560640,0.25912599068637,0,0.0895218473887618,0,0,0.0372566487029606,0,0.0543226558954374,0,0.00195872889282061,0,0.0522370949563609,0,0,0.0600912293806345,0.0656650557596468,0.205813889705955,0,0.173678516829262,0,0,0.00032834180179006,0.965,-0.0556260800232851,1.08421061193957
SA560668,0.248344715212526,0,0.0840589228029815,0.0395428644965853,0,0.204270497843779,0,0,0.013849498756406,0.0269278406698121,0,0.0156353789767617,0.045067560641589,0,0.0662010870967548,0.113832315846515,0.080644550838236,0,0.0599303364204877,0,0,0.00169443039756655,0.823,-0.0202056248853626,1.08301682600213
SA560691,0.183926447028399,0,0.0801444473788407,0.0795163805638168,0,0.140118520795134,0.030471131746804,0.0117576174611923,0.0367175381010626,0,0.0278303223435032,0,0.0265824109560302,0,0.0483053720939795,0.165404418690422,0.0218812741255788,0.0189987838624375,0.058190132361759,0,0,0.0701552024910409,0.377,0.0589891164750167,1.0508264268813
SA560707,0.0740906614671294,0,0.0231853116550778,0.0057991771486514,0,0.34602509529648,0,0,0,0,0,0.00505729331698938,0.0146474443792937,0,0.0452372817079288,0.165758899224879,0.202397042563585,0.00868218426431655,0,0.109119608975669,0,0,0.279,0.088888854103229,1.04451131800491
SA595282,0.0381889136964954,0,0.0666539327272846,0.0399529241035085,0,0.167050158345681,0,0,0.0449646634594284,0,0.00853142088843853,0.00102060033903466,0.0162304707913291,0,0.106681244951907,0.19642757412689,0.0837391686384707,0.0685202235684836,0.162038704363048,0,0,0,0.562,0.0218928442220267,1.06107415412763
SA560626,0.214150790806552,0,0.0585078901784423,0.291520160520537,0,0,0.00915026200242412,0.0441646550933643,0.0175104115528717,0,0,0.0110777308791045,0.00131198392311198,0,0.154185530295944,0.0354090335679898,0.132796739304354,0,0.0302148118753041,0,0,0,0.22,0.108471899937332,1.05722936810375
SA560687,0.220308219857302,0,0.0676883211672589,0.15002878727742,0,0.140817538246119,0.0223041419147105,0,0.0232797466325356,0,0,0.0496698416307437,0,0.0571132629961812,0.0973414738436141,0.0545113338795912,0.0451389417038841,0,0.0709309051434748,0,0,0.000867485707165088,0.641,0.00737584398500899,1.08590395941632
SA595353,0.16736553486968,0,0.171569109006702,0.0283427500306691,0.00815544866198713,0.201258485605385,0,0,0,0,0,0.044730340163201,0.0135871338013819,0,0.0343031723330215,0.0517933414464886,0.0785240430828404,0,0.200370640998643,0,0,0,0.896,-0.0367876425994479,1.0745774251311
SA560727,0.0857037107651584,0,0.176952789239691,0.0307721679085544,0,0.296672061812918,0,0.0231684626014911,0,0,0,0.0221807245850618,0.00283739281331966,0.000397833680063624,0.128171151698776,0.055806493708889,0.104643730438215,0,0.068952683854387,0,0,0.00374079689347467,0.776,-0.0142997744213944,1.08065381751823
SA560624,0.431989089216097,0,0.161456263293424,0,0,0.128636706112191,0,0,0.0484195934522365,0,0,0.0228025238441709,0,0.0057116097509605,0,0.0424564410987625,0,0.0918501868544088,0,0.0367251128281766,0,0.0299524735495716,0.385,0.0576375192559817,1.08078515383646
SA560663,0.134043547185197,0,0.0712541960137967,0,0,0.452354706849955,0,0,0,0,0,0.00482253655664267,0,0,0.0542230184801451,0.0359932869441375,0.170426745427329,0.0115468210645067,0,0.0653351414782902,0,0,0.912,-0.040824774998591,1.09635349753316
SA560683,0,0.0847574605451592,0.0792522305144158,0.0716097963842137,0,0.445396015150088,0,0.000262315486403006,0,0,0.0061047452873875,0.0391988465930543,0.0224085101931899,0,0.0313992309523799,0.073379623463797,0.0713775192540112,0.0342224819890697,0.0393814505663151,0,0,0.00124977362051544,0.092,0.199881728063952,1.00826305940954
SA560661,0.245705622716768,0,0.0712727848333436,0.0441349537176238,0,0.290786696174381,0,0,0.0223953567166779,0,0.0167569058686435,0.0131909547878892,0.0269088262754529,0,0.0741039563551198,0.0270338379358291,0.0341159523831136,0.0737750901525821,0.0261917842115583,0.00201136973231461,0,0.031615908138703,0.19,0.1250729910608,1.03782498203782
SA560972,0.275858751674832,0,0.0921323613907942,0.0242538566324447,0,0.263059823862319,0,0,0.0125572924048325,0,0,0.000432659278211588,0.0119064420645812,0,0.102707097803678,0,0.128968293811505,0.0461579862644934,0.0419654348123094,0,0,0,0.594,0.0158715349286173,1.07827004670787
SA595384,0.0211178523266122,0,0.0968635528430113,0.152307723635712,0,0.110953890528237,0.000565574037387192,0,0,0,0.00291709005137443,0.0536886786149493,0,0.117369599874965,0.171055663875013,0,0.157230735535818,0,0.0927029080297041,0,0,0.0232267306472161,0.384,0.0578080922518662,1.07072750214645
SA595405,0.139394990593839,0,0.0846087999422572,0.0241011041732299,0,0.211256173960132,0,0,0.0409106527316787,0,0.033686121356929,0.00535204780315072,0.0174123605453278,0,0,0.273249738180516,0.0117170927062949,0.0831101960971539,0.0612674813446042,0,0,0.0139332405648867,0.766,-0.0126073860442238,1.07797251406018
SA560681,0.150779849974536,0,0.136692745739675,0,0,0.146657094072742,0,0,0.0749573753738915,0,0,0.048870150590914,0,0.0535037931088883,0,0.211407441428421,0.125656917343418,0.0402384140445561,0,0.0112362183229591,0,0,0.677,0.00138560001274625,1.07943797633721
SA595425,0.130578121615072,0,0.0436168303860366,0.0696337823270388,0,0.226073653071846,0,0,0,0,0.0263082299670949,0,0.0251655965409675,0,0.0456449196986217,0.251930189572537,0.0516531204958427,0.0641974017403704,0,0.0648874325935763,0,0.000310721990996033,0.587,0.0170297710666692,1.0735430527811
SA560679,0.0864248322777491,0,0.154886819399416,0.0102999983587387,0,0.169300314119613,0,0.0408430902052033,0,0,0,0.0682868081306949,0,0,0.0100700732763741,0.0774173251405498,0.20446295064215,0.0577979982751481,0.0715038199385336,0,0,0.0487059702358291,0.63,0.00876289225167639,1.05868228619981
SA595428,0.0860215196477019,0,0.0400820766674841,0.0568645615554369,0,0.207155608005002,0.018009047645215,0,0.0161380668939909,0,0,0.0396904461953605,0.0174254151663697,0,0.0925052020324351,0.177465246895558,0.176566377087679,0,0.0559726990116075,0,0,0.0161037331961598,0.569,0.0205797078550048,1.06790408281637
SA595437,0.099977707312197,0,0.141342164581586,0.0152666270454674,0,0.230460727042089,0,0,0,0,0.0198290487844483,0.0770706412868449,0.0304965828425345,0.0202464334884301,0.0359648213089735,0.0377489724009994,0.193079360565817,0,0.0545375047578219,0,0,0.0439794085827906,0.9,-0.0380843201388623,1.08310495855306
SA595454,0.14470571685276,0,0.0894260157005753,0.102336713737007,0,0.127966712922053,0.0153311913915095,0,0.0392849515968478,0,0,0.0299305715480552,0.00656550620859266,0.0781476646776133,0.180655700642678,0.0708245334337374,0.0472568456398048,0,0.0652174813792112,0.00235039426955502,0,0,0.54,0.025492919984899,1.08354216305755
SA595462,0.134167303978475,0,0.0982693498597107,0,0,0.175886960835995,0.00338662039519627,0,0,0,0.0387766549902279,0.00706644732149206,0.017697943477581,0,0.0338443519714413,0.114913500882478,0.256738559634336,0.0226030975452001,0.0901341854352689,0,0,0.00651502367259821,0.252,0.0949009275558997,1.02829227755557
SA570928,0.038582076239149,0,0.0400264836686698,0.0559151820356291,0,0.0945025846119525,0.0126626933833716,0,0.0744501138744241,0,0.00336874813019224,0.0126228797667042,0.0478411539072551,0,0.046324123098258,0.200156520462879,0.289523813803429,0,0,0,0.0840236270180866,0,0.0600000000000001,0.245645636551198,0.983833794946493
SA560651,0.0199319334636603,0.00724153537627163,0,0.150056371055514,0,0.0960393113547716,0.0435747878290386,0.00296325320154793,0.0187260236296217,0,0,0.071177758557308,0.0186393621825318,0.0898886344749892,0.216125911386408,0.25935623139836,0.00199895567736604,0,0.00427993041261141,0,0,0,0.015,0.406827527843883,0.926059407941565
SA560715,0.200178648425546,0,0.0663013167758035,0,0,0.358031992798343,0,0.0322210913697528,0,0,0.0235425608489857,0.0157189507758408,0,0,0,0.0926268514849988,0.123308977145177,0.015383060468946,0,0.0118767967144029,0,0.0608097531922035,0.205,0.116489729701315,1.03867366822135
SA560657,0.137715469962946,0,0.0735326604880545,0.0287047475261417,0,0.0563090678782039,0,0.131674898679535,0,0,0,0.10922655885201,0.00692720848127788,0,0.0750042322695468,0.103259266860881,0.058117907816561,0,0.219527981184842,0,0,0,0.931,-0.0466294588657041,1.09160787611207
SA560620,0.0878118333211402,0,0.0461951124821574,0.125114359111651,0,0.188358991752302,0.00923013252094424,0.0980890165540291,0.0317378796692899,0,0,0.0184666149990766,0.0232828381533474,0,0.0496687255316526,0.0434420107165348,0.153974471068076,0.02672093999256,0,0.0967749337865155,0.0011321403407225,0,0.454,0.04484128423161,1.06549422182589
SA560721,0.0227467099658475,0,0.0318425763962336,0.0455421782724296,0,0.00903456498149313,0,0,0.025659453914955,0,0.0758362505660767,0,0,0.0374163884816354,0.0247075505441835,0.161214965924233,0.262443594771716,0.124781838921424,0,0.140340418208352,0,0.0384335090514196,0.026,0.359305569634608,0.93704513249025
SA560725,0.0278950198787771,0,0.0194630172066559,0.243162676410848,0,0.144318008515454,0.0978835892744443,0.000545310983728928,0,0,0.00898546857701617,0.0344647620412297,0.014849649235671,0,0.189716764166722,0.0988516113618628,0.0842375769512497,0,0.035626545396341,0,0,0,0,0.621521177962432,0.790752956936442
SA560632,0.275314467720313,0,0.197417318385424,0,0,0.0985071045128066,0,0.144313411888725,0,0,0,0.0794000779293912,0,0.00734502800098766,0,0.0377435230067058,0.115867725276289,0,0.0437637421865907,0,0,0.00032760109276682,0.595,0.0150065912387551,1.08436711084726
SA560701,0.205430933249548,0,0.136777975857884,0,0,0.0866121345087243,0,0.00563777759936458,0.00958443061690945,0,0.00274284592980529,0,0,0.214544279270645,0,0.11423867030063,0,0.0127520134733685,0.0806532381649867,0,0.0536773760068689,0.0773483250212654,0.106,0.18066760711003,1.02085632165893
SA560723,0.195940019112483,0,0.134876457792881,0,0.019674185800601,0.00820162254502829,0.0236749810367431,0.011029912685402,0,0,0,0.0268988720336221,0,0.379722735092415,0.0674477023089102,0.0995459974696952,0,0,0.00970638785905994,0,0.0232811262631593,0,0.033,0.318009309187239,0.97938473404475
SA561024,0.185212115754002,0,0.0680973031882662,0.0798896747225545,0,0.0683739299915045,0,0.131829792860582,0,0,0,0.105200392979489,0.0387395925905788,0.0277843288162796,0.0158708724240583,0.0658875908099272,0.0245944787785383,0.0592630173219326,0.0991749719543793,0,0.0300819378079072,0,0.334,0.0718861726260545,1.05474303663922
SA560717,0.116115773683071,0,0.0925865954701703,0.0278898922507068,0,0.188151299147324,0,0,0.0201717728787498,0,0,0.077154310237565,0.0220191069589608,0,0,0.220306234264369,0.18559434527118,0.0288008207162466,0.0124028457996568,0,0,0.00880700332200067,0.095,0.195700949071179,1.00295296667396
SA560655,0.172662204719014,0,0.0236279669165005,0.0155581272397349,0,0.19703447193169,0,0.121220309054712,0,0,0,0.137494550915811,0.0145168711751905,0.0284564376138054,0.0577661457293937,0.0484561237126107,0.102429467700505,0,0.0775501755756863,0,0,0.00322714771534628,0.553,0.0231368326929512,1.0904987128525
SA560649,0.0154583566320474,0.0699793733776332,0,0.0205154116433996,0,0.245856807793251,0.00838581499034665,0,0.00159911277365273,0,0.00281600774336808,0.016489929082712,0.0324244334292714,0.189328226585309,0.0305189951156943,0.221448544835311,0.121326544131213,0,0.0238524418667909,0,0,0,0,0.562393297520074,0.828957190355685
SA594564,0.10322577670174,0,0.0480637162950705,0.0191048064211474,0,0.180484724922955,0,0,0.0113253651871596,0,0.0351112827261339,0.0383154738643442,0.0906547114004584,0,0.114076923587545,0.210115289716562,0.127827347578633,0,0.0216945815982523,0,0,0,0.749,-0.0110432922612623,1.09033850351126
SA594656,0.269067270383138,0,0.0845007157147952,0,0,0.205279736630998,0,0.0124144282777496,0.00997784318822168,0,0.0173149789883718,0.0336102175994121,0.0136033592093837,0,0.0111863708803658,0.196599663806408,0,0.00195438251095089,0.119658646998465,0,0,0.0248323858117398,0.981,-0.063353882322189,1.10107346667776
SA594753,0.217450255188198,0,0.181318352619345,0,0,0.0934886355400535,0,0.102601817418935,0,0,0,0.0282885933294858,0,0,0.0568594584418736,0.0903795005527914,0.0422960167154437,0.0105005274016922,0.176816842792182,0,0,0,0.989,-0.0704014616554271,1.09070229347895
SA594785,0.134770926890358,0,0.0447355956563402,0.0361139151320798,0,0.108878764683721,0,0,0.0158814143824939,0,0,0.0526019779402466,0.029916256568357,0,0.019281985240179,0.35420214428001,0.0949520192299364,0.0716995576220706,0.0369654423742075,0,0,0,0.511,0.0303468357945556,1.0803993852416
SA595269,0.341143881111536,0,0.164527170492873,0,0,0.115945353312166,0,0.0627486534132996,0,0,0,0.0792418257650489,0,0,0,0.0642218212700281,0.130348659235212,0,0.0418226353998358,0,0,0,0.961,-0.0544021334279782,1.11308365048749
SA595308,0.143313398437372,0,0.245324426833139,0,0,0.0656519225984548,0,0.0047851112035237,0.0347048975273527,0,0.0361837956923315,0,0,0.333980346488857,0.00916799691187095,0.0127616612973401,0,0,0,0.0925572689658543,0,0.0215691740439043,0.386,0.0574066565476193,1.0997342001421
SA595385,0.057895138180387,0,0.00336522883363415,0.316644211549169,0,0.0641269346331099,0.0964399023670417,0,0,0,0,0.0332599934142631,0.00969855595224799,0.0446218864123731,0.19602456223233,0.0503542131260849,0.0843836306514884,0,0.0431857426478714,0,0,0,0.422,0.0505758141893209,1.10371140369174
SA595413,0.350023378569515,0,0.13302005009896,0,0,0.0738857385717405,0,0,0,0,0.0317352324532134,0.0312968535734941,0.0349830012973643,0,0.0379145615019288,0.105164025674654,0.103408413109597,0.0359061284972932,0.0626626166522393,0,0,0,0.985,-0.0655897547895836,1.10481793962981
SA595417,0.0385569712234416,0,0.0459694235127872,0.0618220568057042,0,0.260710132859807,0.00461662245834721,0,0.0212269071254424,0,0,0.0552896134558972,0,0.0847694457192484,0.180896034377918,0.0436955623685201,0.103776704234165,0,0.0986705258587213,0,0,0,0.091,0.201701602983855,1.01011385123697
SA595441,0.191795889203597,0,0.0224844091480981,0.066579222367708,0,0.14701388603702,0.00174036281179248,0,0.00960157384549633,0,0,0.0396463682621563,0.0279580419212808,0,0.0278371662393738,0.242471981249425,0.0545040533887202,0.0375193059499826,0.126787344805858,0,0,0.00406039476949265,0.456,0.0434103950832823,1.05727295262372
SA595450,0.112816023705528,0,0.0832056764984339,0.0405409373418465,0,0.290389628265008,0,0,0.0373599373447741,0,0,0,0.00897515283720219,0,0.1519183289428,0.0116695630706806,0.125861879600976,0,0.112138246087041,0.0251246263057103,0,0,0.706,-0.00373162885619771,1.08083707463326
SA595458,0.175889617675184,0,0.0992376947667214,0.0293646134930797,0,0.165793052184674,0,0,0.0249346044487455,0,0,0.00825133905742228,0.0163852773261332,0,0.0777106514249177,0.0520807516391899,0.161493601992014,0.0300697722477808,0.112664372359144,0,0.0212862926320236,0.02483835875297,0.83,-0.0219338186701316,1.06807311255932
SA595464,0.0828227345544374,0,0.0703155643947342,0,0,0.251614501201756,0,0.0335948440822517,0,0,0,0.122717899655611,0,0.0593046458909962,0.15797579769906,0,0.0747571067545104,0,0.129967162656323,0,0,0.0169297431103208,0.632,0.00841425816141866,1.09692263687025
SA595466,0.152014389552083,0,0.0896902905376487,0.00338313245606888,0,0.379993540014898,0,0,0,0,0,0.00159785521220533,0,0,0.024557392625982,0.0391624786010712,0.264827356631038,0.0139199826625664,0.0308535817064388,0,0,0,0.83,-0.0221855810337059,1.08037933093219
SA595468,0.00758934371840676,0.00251388289744565,0.0648861215980089,0.205934730926424,0,0.152222584494363,0,0.047682777237161,0.0301008631864794,0,0.0318402449385462,0.01434345497608,0.00118216511074688,0.0235048715191004,0.152168727315392,0.048019843501661,0.167234942212191,0,0.0507754463679932,0,0,0,0.67,0.00168674243197928,1.09716400992114
SA595470,0.127203483524109,0,0.0602122165931507,0.0890912667489187,0,0.147245100615015,0,0,0,0,0,0.0416923145474856,0,0,0.00565529242899504,0.130541991688577,0.227136724319071,0.046984023230619,0.110378105538679,0,0,0.0138594807653805,0.658,0.00460439340960358,1.06229372449345
SA595472,0.271411192525314,0,0.0783934855879315,0.126127916916676,0,0.0853357492367275,0.0624875929124236,0,0,0,0.0640436508616897,0,0.0283961939809659,0.0626787789585641,0.0650644660718038,0.0212489847167339,0.0375393009010735,0,0.0972726873300964,0,0,0,0.772,-0.0134025982537591,1.08426350824936
SA595475,0.104027428733909,0,0.0745349317644637,0.117990731407881,0,0.156884193432756,0,0.0131435944384262,0,0,0.0336732143446408,0.0532984954822076,0.0901317825229462,0.0111272135821481,0.0433571715180838,0.0666360655583156,0.0289538989929906,0,0.206241278221232,0,0,0,0.989,-0.0704947539238144,1.09622752674502
SA595477,0.0703212098172119,0,0.0464286615792366,0.00876450178154161,0,0.183483090683363,0.011678607397175,0,0.00200576303246646,0,0.00318448209820575,0,0.0381210017787328,0.0419581816026144,0.0311530740300312,0.198398610998452,0.321946875676302,0,0.0152562492584876,0,0.0272996902661799,0,0.022,0.386636351285168,0.922314361782303
SA595481,0.441351510645625,0,0.11919772086414,0,0,0.0595742809525354,0,0.121458682080858,0,0,0.0191053567249161,0.0232277985392586,0.00562497637095306,0,0.0259945598513587,0.0243962555209307,0,0.111435712452322,0.0363927505204372,0,0,0.0122403954766654,0.969,-0.0577946763656698,1.12862164013425
SA595483,0.157049326435684,0,0.0803399036016937,0,0,0.128166404873364,0,0,0.0586502969919037,0,0,0.0158827630993833,0,0,0.0278579539037152,0.221672439348535,0.160404759238144,0,0.123864716220328,0,0.00120531701269926,0.0249061192745502,0.924,-0.0450106314057698,1.08488640833942
SA595485,0.0416713566766828,0,0.0116004847832456,0.0499646923276309,0,0.449791475107122,0,0,0,0,0.00646895956839074,0.00223781042678988,0,0.0386853439198605,0.022686528402472,0.162658502855432,0.101443341928421,0,0,0.112791504003953,0,0,0.556,0.0227720788727998,1.08477904785362
SA595487,0.169693247716947,0,0.183816417035864,0,0,0.100011491519659,0,0,0.0343408600829839,0,0.000674492497159279,0.00446530133409897,0,0.0571944504325585,0,0.163812638363207,0,0.012603274760867,0.270062847214867,0.00332497904178854,0,0,0.905,-0.039471617346254,1.07816121424127
SA595489,0.0590548735939481,0,0.026633522955762,0.21119981932844,0,0.160344886364689,0.0136070997758141,0,0.0180533829562925,0,0,0.0356764988891247,0.00382406137159746,0,0.172062252206576,0.154264460899969,0.088930862379905,0,0.0563482792778828,0,0,0,0.013,0.415211382721353,0.91050933006325
SA595491,0.0555239263341893,0,0.0585609556442659,0.0128090368731306,0,0.259891556961201,0.00564011865963949,0,0.0222339672261515,0,0.0016321018045399,0.0279859742995263,0,0.0153992798055905,0.0472663792437356,0.200911707800545,0.214617799435292,0.0101898042136766,0.0576165779850992,0,0,0.00972081371341699,0.186,0.127101706806641,1.02603594867943
SA595493,0.148320243358797,0,0.0923958064254076,0,0,0.188531642717567,0.000348510619537556,0,0.0218187468490453,0,0.00602981126704653,0.00485545018149608,0.0163235325200885,0,0.0462348374314568,0.104417008011822,0.274694401972725,0,0.0718070963962923,0,0,0.0242229122487181,0.247,0.0984691326413375,1.02990601378586
SA595495,0.209395749120649,0,0.00140923808730868,0.0694234573408738,0,0.239256833413056,0.0174103622770121,0,0.00629561697616676,0,0,0.00829286205231777,0,0,0.12028125916181,0.088429632230651,0.141870405507112,0,0.0637282094292234,0,0,0.0342063744038207,0.667,0.00247904698725074,1.08120594401438
SA595497,0.0934339816308816,0,0.0276846269390114,0.117784049052275,0,0.351096380635149,0,0,0.000191758751138654,0,0,0.0724708816064564,0.0131552315526902,0.00666347497456754,0.131174406767792,0.0301365082447571,0.108352734143342,0,0.047855965701938,0,0,0,0.464,0.0407824997610388,1.091026626952
SA595499,0.111840364163634,0,0.0677848799595979,0,0,0.224798058377554,0,0.0572979838033656,0,0,0,0.0570146088808564,0,0.0973563035826169,0.125961387213664,0.109302663329173,0.0115887290294608,0,0.0885678139085376,0,0,0.0484872077515401,0.782,-0.0149888231425286,1.08944988851784
SA595501,0,0,0.0582262445420652,0.0774222838946819,0,0.177679303138354,0.0140893267760656,0,0,0,0,0,0,0.0820447799119909,0.290729595359521,0,0.195976862736392,0,0.0872008063481422,0,0,0.0166307972927877,0.111,0.172670869735686,1.0500780888581
SA595503,0.150838642877971,0,0.0823397950014822,0.0541128713529016,0,0.189640931041357,0,0.0564658116053466,0.0140298274976724,0,0.0247015971902666,0.0206318223033613,0.0693613661902333,0.00713406115362292,0.167432470012021,0.0361953245665521,0.0605854352398243,0,0.0665300439673873,0,0,0,0.682,0.000305107995381826,1.08929547647115
SA595504,0.1347539530162,0,0.0650876561694406,0.0861362153126607,0,0.211652745416997,0,0.0190364826206465,0.0286948981555738,0,0,0.0155476232408268,0.0156090528365977,0,0.103529254676981,0.0766211482338077,0.150336519683842,0.0424293093660551,0,0.0350175139269076,0,0.0155476273434631,0.562,0.0220939326622339,1.06993305306621
SA595506,0.229980296442455,0,0.257298110326979,0,0.0693496123623314,0.113167884696033,0,0,0,0,0.009412213719826,0.0375894455133791,0,0,0.0699259828698322,0.065674850870335,0,0.00631486092042158,0,0.121169131255281,0,0.0201176110231264,0.92,-0.0431490123109484,1.10892666069637
SA595508,0,0.000975848115144813,0.0159937428627077,0.179504552132683,0,0.0433962751612135,0.126863724629599,0.0228067126338767,0.0190203057139663,0,0,0.0175203779997566,0.0852602371999559,0.0437710247792876,0.119956581050906,0.207146433718047,0.0907484510443289,0,0.0240030094501002,0,0.00303272350842802,0,0.022,0.384530469387442,0.923622238810109
SA595510,0.0811593030456668,0,0.130867921720019,0,0,0.39179116176174,0,0,0,0,0.0154777960424166,0.0956794401301204,0,0.0888815068665866,0,0,0,0.00490741219750833,0.155203423080199,0,0.00386795417974799,0.0321640809759952,0.913,-0.0409884023884381,1.10696237553389
SA595512,0.0803314296413713,0,0.0705142752227664,0.0554170797798157,0,0.290877416328146,0,0,0,0,0,0.0830924412530703,0.0283143266201575,0.0464116268133355,0.0647720070156677,0,0.120540438268341,0,0.139700181684879,0,0.0200287773724493,0,0.979,-0.0614182658938811,1.09719920334941
SA595514,0.168738330125757,0,0.0556350861202941,0,0,0.110870343021458,0,0.0305709120164185,0,0,0,0.0428373541534541,0.0428385129767361,0,0.0564675761948068,0.169952257418885,0.293612766721888,0,0.018780308581538,0.009696552668765,0,0,0.864,-0.0304978052982964,1.09125589558149
SA595516,0.137880788691205,0,0.0513850847135687,0,0,0.122940654909235,0,0.0461858576594859,0,0,0.0221892052556142,0.0283778185815282,0.0205577292287834,0,0.0947221354657992,0.102315470641151,0.166810572442223,0,0.00935632823994436,0.141228886774721,0,0.0560494673967409,0.864,-0.0305517364901975,1.09398002298921
SA595517,0.127004361347738,0,0.0592996334354045,0.0274186766488559,0,0.121768226300307,0,0.0147348935629097,0.00635302061633209,0,0,0.0201776554469075,0.0113599657472625,0,0.0640295376786118,0.18046865082948,0.238875557320621,0.0461565873023679,0.039827702223247,0,0,0.0425255315399556,0.692,-0.000923153983534623,1.07561745249487
SA595519,0.0612039816409213,0,0.0565201486109113,0,0,0.269052998704374,0.0711764174392082,0,0.0468400453109358,0,0,0,0.0287194773086295,0,0.114638247810054,0.11290524416711,0.160815312118091,0,0.0781281268897645,0,0,0,0.476,0.0377757491500138,1.05504486109183
SA595521,0.140405840063943,0,0.0816281030207355,0.0163081881609583,0,0.207916520322657,0,0,0.0266585395685017,0,0,0.0431637776986813,0.0190292301581631,0,0.0391317073180332,0.0870907605701766,0.202744733543958,0,0.115561348669734,0,0,0.0203612509044586,0.871,-0.0316763053470351,1.07190325356582
SA595522,0.0529922125429614,0,0.0254341145615179,0.0783547572418007,0,0.236000569310592,0.0262152580271126,0,0.00901593290273004,0,0,0,0,0,0.0664582859544188,0.273133870494295,0.146126228394018,0.0415622598530258,0.0195803388201373,0,0.0147758414773583,0.0103503304200312,0.069,0.23807304098703,0.987141054249616
SA595524,0.252257682781537,0,0.13258465253407,0.0132689850891088,0,0.125058489249799,0,0.05081976854972,0,0,0.0169877724423418,0.0622728601962213,0,0.0685307981679875,0.1000841630981,0.0019704845142721,0.0604309144668751,0,0.115733428909968,0,0,0,0.96,-0.0535597439043797,1.10064072449591
SA595526,0.113735848182539,0,0.184072912007201,0.0437102346514705,0,0.196615514871527,0,0,0.124546137215558,0,0,0.00370509109953331,0.0258066432521566,0,0.0237286783710277,0.085117277877874,0.168273954377261,0,0.011793835002097,0.018893873091756,0,0,0.931,-0.0466478369105359,1.08858526814623
SA595528,0.0491158397670197,0,0.0274669708036607,0.130292686734418,0,0.223287303906968,0.00205790802468564,0,0,0,0.00446950993511797,0.00774142517413719,0.0375739867425624,0,0.2423731399248,0.194415886316459,0.0679659103194041,0,0.0132394323507679,0,0,0,0.026,0.361737149597706,0.945079127173484
SA595530,0.112958631550462,0,0.0626427819353608,0,0,0.344100986183341,0,0,0.0477638586432221,0,0.0388664554616842,0.00762918729281266,0.0340911474517594,0,0.0791101852012348,0.052831442730433,0.135862907996885,0.0305691967208744,0.0128620847919768,0.0407111340399536,0,0,0.997,-0.0775941194021255,1.1054136786872
SA595532,0.209671919598488,0,0.0200690557901835,0.106238236968379,0,0.226167815632844,0.06352123574488,0,0.0190274754913766,0,0.0410443640876205,0,0.0175184471316143,0.0209746923910936,0.0814244643668111,0.000728865577553091,0.0897595206494532,0.0318129713436668,0.0687460288267578,0,0,0.00329490639927821,0.768,-0.0128492884096384,1.09008236564489
SA595534,0.264804858741845,0,0.0812924986972608,0.0545112887713598,0,0.174963928112765,0,0,0,0,0.0164848895686597,0.0233645161085386,0,0,0.0904815300562986,0,0.155395986017843,0,0.118569367762207,0,0,0.0201311361632228,0.984,-0.0643145911880621,1.09718632042107
SA595537,0.409016579149758,0,0.142966985547145,0.0386497453775993,0,0.135543558883799,0,0.0697727150699643,0.0117429831744805,0,0,0.0447362021730479,0.0208872909686826,0.00670830873898853,0,0.028706684826511,0,0.0086393590280514,0.0655521980862668,0,0,0.0170773889757061,0.651,0.00584723712751851,1.10667959571001
SA595539,0.117780693366081,0,0.0809359445451201,0.225123851269622,0,0,0.0426025670422232,0.00254274671451677,0.0567117844006491,0,0.0285976416335859,0.0269731949294395,0,0.0714597747698657,0.195489388937386,0,0.0899860602099842,0,0.0617963521815265,0,0,0,0.082,0.221617721822656,1.00845313516647
SA595541,0.185402441794012,0,0.0210928394879913,0.0225165459504333,0,0.202058465658596,0,0.0216284519634255,0,0,0.0381564247996343,0.0597728706267488,0.0236750433391313,0.00072450162610179,0.0567089967423417,0.268696104561502,0.0458311465260597,0.0155636431949952,0.0275872468565801,0.0105852768724477,0,0,0.155,0.142290226929098,1.03224939567744
SA595545,0.207453070194012,0,0.112960279757403,0,0,0.121666904604021,0,0,0.00468370075020348,0,0.00459940646690124,0,0,0.00329347312662238,0.0170742064418444,0.296824206987313,0.0647951156386528,0,0.149429191757887,0.0172204442751399,0,0,0.965,-0.0559950546748707,1.09791522529198
SA595547,0.0450548296730353,0,0.0256254965069969,0.17654170813953,0,0.0840574361237368,0.0143838321241093,0.0391961319992342,0,0,0,0.0491303717220162,0,0,0.228815096572018,0.139637452176753,0.159831556837382,0,0,0.0377260881251879,0,0,0.023,0.367954204251466,0.941882996674129
SA595549,0.275583550817023,0,0.138284965588286,0,0,0.0937729360814922,0,0,0,0.000295971455328324,0,0.0586886363415345,0,0,0.0521216888884411,0.164090057580753,0.0844414306618086,0.00897253760337559,0.123748224981958,0,0,0,0.993,-0.0731616700983798,1.1001368797981
SA595551,0.121531170269594,0,0.0381428451224664,0.073712297234318,0,0.150880794902231,0,0.00723737612137643,0.0311477990121395,0,0,0.0406955452757766,0.00239534676387609,0,0.0335999215900761,0.245305717130189,0.0885383314500553,0,0.0864579283959837,0.0423599323021607,0,0.0379949944297574,0.336,0.0707536973018687,1.05057909201054
SA595553,0,0,0.0610369892719239,0.1612351089056,0.0641801546936979,0.0526639143970718,0.0707026923291621,0,0.061530946719418,0,0.0343491415974799,0,0,0,0.083419316203384,0.115587540059836,0.17671493546136,0,0.0884190350964289,0,0,0.0301602252646377,0.728,-0.00750172388322671,1.07356438154657
SA595557,0.202500036840742,0,0.0638703057717777,0,0,0.0882655833364816,0,0.0533691178232375,0.0278740277531012,0.00361963063725397,0,0.0662654846938781,0,0,0.0332992669372537,0.202115021050123,0.0443911156000113,0.0258656622238651,0.188564747332275,0,0,0,0.96,-0.0537367675045559,1.08693450099055
SA595559,0.247440094866637,0,0.051622973449438,0.00531123175503616,0,0.131624349017946,0,0,0.00403363032985033,0.0292481347048046,0,0,0,0.017629290759501,0.053296829841003,0.123790966883651,0.181602902510227,0.00302695605437428,0,0.139733634843332,0,0.0116390049841991,0.774,-0.0139499309193849,1.0861082320872
SA595561,0.150450063872651,0,0.0848207528808766,0.00178861456644433,0,0.192088588069579,0,0,0,0,0.0182627255591842,2.51212933513635e-05,0.00522066845178535,0,0.0477084619211081,0.112912221894318,0.383035377841709,0,0,0,0,0.00368740364899259,0.656,0.0048908952049104,1.07437600166853
SA595563,0.110758893003012,0,0.225959681817099,0,0,0.131623337823933,0,0.00743117146016078,0,0,0.0106525932923905,0.0395622933231803,0,0,0.0493894856923526,0.0213233116630199,0.0166238945848277,0,0.382685504185066,0,0,0.00398983315495841,0.776,-0.014240877200233,1.06913854963682
SA595564,0.215437427618387,0,0.161190598520776,0,0,0.0825286301949447,0,0.0234871418767532,0,0,0,0.0862857208624967,0.0371482378109772,0,0.0487871839928379,0.101305687985399,0.102699386586461,0.0561586436025864,0.0783181371109585,0,0.00665320383742188,0,0.978,-0.0598312668476898,1.09259644549633
SA595566,0.0921295835192935,0,0.105556615753851,0.0699798866025163,0,0.0896491874549027,0,0.12960111010748,0,0,0,0.058365803388174,0.00754397918054548,0,0.0769953969550828,0.141237470978035,0.132968467443288,0,0.0959724986168298,0,0,0,0.986,-0.0684178219091271,1.09342031730276
SA595570,0.230695221182695,0,0.0309293522638114,0.0101161185197377,0,0.228612436498475,0.0900914970162296,0.000318718560558166,0,0,0,0.02501036357418,0,0,0.0351663706419771,0.184492517535321,0,0,0.161207694804678,0,0,0.00335970940233749,0.785,-0.0153901705584882,1.07712928947791
SA595571,0.184982071431963,0,0.135403205989253,0.0531279976189954,0.0183791114673979,0.0479129650345598,0,0.0353560717142574,0,0,0,0.041233492590708,0.0190080846345275,0.0275694160746385,0.291512651642322,0.0163683295948724,0.00984932901861651,0,0.119297273187889,0,0,0,0.707,-0.0039434430959119,1.14221505729748
SA595573,0.208993194320286,0,0.127747049593001,0.155176170932417,0,0.0971948199217661,0,0.0203710153037519,0,0,0,0.0366960176363665,0.0164873234009964,0,0.163312515906533,0.0263430783795506,0.0513584432923294,0,0.0963203713130016,0,0,0,0.825,-0.0207905053162175,1.10366975237213
SA595574,0.130005649667649,0,0.0621337710456871,0.0650173072883926,0,0.109761342314851,0,0,0.0240630370552431,0,0,0.0478392725877158,0.0448585522931303,0,0.26658001722504,0.11167242906809,0.0477590438792814,0,0.0903095775749193,0,0,0,0.344,0.0675456439641017,1.09583690606483
SA595576,0.128632083098287,0,0.0456474184186537,0.237805898064384,0,0.0108740618652881,0.047629330686961,0,0.0257620178938411,0,0,0.0385498400443447,0.032329598008845,0,0.0918152555319115,0.169915171274725,0.0709257185303006,0,0,0.100113606582458,0,0,0.033,0.310873588875464,0.958792261244441
SA595577,0.26399641307236,0,0.165614894906849,0.0440734212854706,0,0.0630518099693046,0,0.0996983253189711,0,0.00791188938578252,0,0.0869740778641212,0.016092501243588,0,0.0766080346142574,0.0394481876446234,0.0758535973682759,0,0.0332614699950933,0,0,0.0274153773313037,0.996,-0.0754162911527385,1.11975134756497
SA595579,0.0556697485446451,0,0.0431097869334275,0,0,0.338342406179508,0.0220992291162295,0,0.0315110453960005,0,0.00875717485618103,0.0323833499522318,0,0.0178921537855517,0.0252449803443243,0.156285922392574,0.151203965649429,0,0.0931845756092308,0,0,0.024315661240666,0.813,-0.0191324925945416,1.07900632782956
SA595581,0.271759350763918,0,0.0904358435977369,0,0.00292792505065337,0.141801133707007,0,0,0,0,0.0262730198470051,0.0354035997851676,0.0135453415572195,0,0.00963949913028768,0.303944942387968,0.0149927776065474,0,0.0892765665664898,0,0,0,0.978,-0.0598875834758191,1.10890657345928
SA595584,0,0,0.0386102311375884,0.0986467496404159,0,0.058095842882476,0.0578804870937766,0,0.0580598287289179,0,0.0213852177172378,0,0,0,0.15535250855248,0.182614127313514,0.240977484668253,0,0.0741838547200138,0,0.0141936675453278,0,0.081,0.223144415545129,0.995494921551227
SA595585,0.259799925003224,0,0.0789359011467535,0.0016885822754805,0,0.3291709953994,0,0.0847058278982521,0,0,0,0.0421501491924794,0.00825749947179752,0.036669938196321,0.0313655420613366,0,0,0.0295402937015793,0.0901732249171314,0,0,0.00754212073624435,0.925,-0.0453490052258616,1.1158423086187
SA595587,0.0816071547433089,0,0.11630798800357,0,0.0990371825888697,0.0878709482186158,0,0.0109904149852891,0,0,0.0101935982976715,0.026140195151616,0,0.0263714418592549,0.027415261812782,0.143704424157298,0,0,0.370361390181724,0,0,0,0.982,-0.0634129920206658,1.07741941592287
SA595588,0.169411550115782,0,0.0997767575325651,0.0130967426041765,0,0.0909278953106368,0,0,0.0609009280388881,0,0,0.0379728341140995,0,0,0.126384808900945,0.127282058446565,0.161175601432739,0,0.113070823503603,0,0,0,0.658,0.00463183574339257,1.07059467179816
SA595590,0.403774879268427,0,0.181842363333588,0,0,0.0162984007421652,0,0.0841416692942864,0,0,0,0.054026420457507,0,0.0318520489947485,0.0404793884349803,0,0.0957503892470668,0,0.0918344402272316,0,0,0,0.965,-0.0553726021309167,1.11662537460558
SA595598,0.114474845644567,0,0.185829229131417,0.0644025489458485,0,0.00162867929676328,0,0.132667264416666,0,0,0.0126519339375976,0.019446389436118,0.0020118885615382,0,0.0324192174993528,0,0.082821280283429,0.0146536258542172,0.152187757357654,0.14888278809974,0,0.035922551535092,0.832,-0.0225201807636814,1.0791015002035
SA595600,0.144746792340968,0,0.0478482761657658,0,0,0.291128288498804,0.0592704594514674,0,0,0,0,0.0281918954198647,0,0.041424406847521,0.0950536613250587,0.102763415947617,0.0615575824626713,0,0.109184037484449,0,0,0.0188311840558134,0.719,-0.00633580193162294,1.07274762820449
SA595602,0.113371601273175,0,0.0301033574452228,0.0687405051644999,0,0.510861286781878,0,0,0,0,0.0405879077254728,0.000182149727124752,0.0294450689350871,0,0.00427123079206973,0.0542628802461603,0.116043355422344,0.000476610988531951,0,0.0316540454984343,0,0,0.586,0.0173898852229515,1.10110587613291
SA595606,0.0833736806646595,0,0.054998060092937,0.0179648743741549,0,0.418660190654336,0.0220093589680416,0,0.0013177287106384,0,0.0683732306218698,0,0,0.0327156188803821,0.176179885375191,0,0.0805919784729619,0,0,0.020165897831519,0,0.0236494953533088,0.862,-0.0298016924949193,1.12288219248585
SA595608,0.300298505784932,0,0.0944808967807318,0,0,0.228724631509755,0,0.0497913592876331,0,0,0,0.0933011653265719,0.0214396733997174,0.0318815168724287,0.00346001320997022,0.000753204161610357,0,0,0.17210069437335,0,0,0.00376833929329986,0.979,-0.0607195895064116,1.12004531302516
