"","cor","pvalue"
"ABI3",0.660554712752121,3.28700443358125e-30
"ABI3BP",0.595032415944949,2.02399986936346e-23
"ACAP1",0.694879223884513,1.69898187508467e-34
"ACP5",0.576385473012258,9.2525067569145e-22
"ACVRL1",0.545821988489151,2.94482776499466e-19
"ADAMTS1",0.566672569340151,6.16344174316914e-21
"ADAMTS2",0.572287971729177,2.07497181013006e-21
"ADAMTS4",0.524706015739635,1.13413532630385e-17
"ADAP2",0.549983324433508,1.39071430657917e-19
"ADCY7",0.520675272247765,2.21285068603471e-17
"ADPRH",0.502982039939583,3.75564982573355e-16
"AEBP1",0.572236322670213,2.09605295510114e-21
"AGAP2",0.587922541961972,8.94959509879612e-23
"AIF1",0.640661632197569,5.65944801305106e-28
"AKNA",0.59590810773869,1.68107311032333e-23
"AKR1B1",0.507072708111624,1.98005251575857e-16
"ALDH1A3",0.506757269596677,2.41893951770172e-16
"ALOX5AP",0.554203726949745,7.73994600479703e-20
"AMICA1",0.628292009384594,1.15340966188918e-26
"ANKRD44",0.510157218992659,1.21498876313175e-16
"ANTXR1",0.505299621938526,2.61598700000629e-16
"ANXA1",0.536713233211804,1.46783169176229e-18
"AOAH",0.645852156327632,1.53236242800214e-28
"AP1S2",0.534968269154462,1.98575576441211e-18
"APLNR",0.551648553953869,1.23397918906338e-19
"APOBEC3C",0.549183862440588,1.60762909542513e-19
"APOBEC3D",0.559403524731924,2.44717800101231e-20
"APOBEC3G",0.668218457646329,4.06681296403019e-31
"APOBEC3H",0.634136204249818,3.65984875653101e-27
"APOBR",0.555845362223029,4.74775424113362e-20
"ARHGAP15",0.797848004625655,5.11257044083731e-52
"ARHGAP25",0.677489541709574,2.98269497400681e-32
"ARHGAP30",0.67259077621361,1.20026752654697e-31
"ARHGAP31",0.561407242517904,1.67903208735779e-20
"ARHGAP9",0.678437309288386,2.27126913902121e-32
"ARHGDIB",0.721211804259583,3.22923815036707e-38
"ARHGEF3",0.567669436662835,5.08797239854583e-21
"ARHGEF6",0.591425166261075,4.32262206133917e-23
"ARID5B",0.507941559754155,1.72642346460624e-16
"ARL4C",0.533067644605498,2.75437222687135e-18
"ASB2",0.588074903461799,1.07455222952822e-22
"ASPN",0.538649352335657,1.04750651347342e-18
"ATP2A3",0.602443083119193,4.13110317801956e-24
"AXL",0.561232293320059,1.73535345353175e-20
"BASP1",0.655692469003762,1.19926063624063e-29
"BATF3",0.522809338937091,1.55503598648129e-17
"BCL11B",0.632629201565042,4.07072346627402e-27
"BCL2",0.504995221041496,2.7436652123211e-16
"BCL2A1",0.509053361152084,1.4478539040264e-16
"BGN",0.535157953276304,1.92174282653268e-18
"BHLHE22",0.594287251204316,3.00342914916264e-21
"BIN2",0.729979275240056,1.49100067334803e-39
"BTG2",0.502901180973061,3.80314588298405e-16
"BTK",0.594763172822791,2.14264374127567e-23
"BTLA",0.595374567488975,8.84474151009823e-23
"C10orf128",0.543727883280091,4.27877363457964e-19
"C10orf54",0.504014273684248,3.19803679945426e-16
"C11orf21",0.590630576674859,6.33692034058036e-23
"C11orf96",0.615293189877665,2.37590368589127e-25
"C16orf54",0.696402381231393,4.03741904209663e-34
"C17orf60",0.536362361562096,1.56001413216652e-18
"C17orf72",0.537461641674957,1.28869643134622e-18
"C17orf87",0.592864364947169,3.19717092972266e-23
"C1orf162",0.601278716915269,5.31729782973865e-24
"C1orf204",0.516176528654891,4.61773759699866e-17
"C1orf38",0.590643388390871,5.0888906015391e-23
"C1orf54",0.64804839071988,8.74885132300585e-29
"C1QA",0.595687926947992,1.76149551319069e-23
"C1QB",0.582797367104191,2.55523349542256e-22
"C1QC",0.55825962176134,3.03090884409034e-20
"C1QTNF1",0.543845838181769,4.18995902297115e-19
"C3AR1",0.543427667059809,4.51324133235776e-19
"C7",0.582089653892646,2.94928424967825e-22
"CALHM2",0.657957669651575,6.58164580579597e-30
"CAMK4",0.693463237580339,5.11553062357724e-33
"CARD16",0.584739817000655,1.72065444957866e-22
"CASP1",0.592916254299472,3.16250461842999e-23
"CCDC102B",0.503670005282509,3.3743470559984e-16
"CCDC3",0.534024976973106,2.33647537196763e-18
"CCDC80",0.609969877918505,7.87897442703998e-25
"CCL19",0.716144484164715,7.69940090064415e-37
"CCL2",0.59973192618375,7.42387135788153e-24
"CCL21",0.654011142682536,4.33829258862487e-29
"CCL3",0.515630485314679,5.04528725293551e-17
"CCL4",0.571919498210725,2.23005054637157e-21
"CCL5",0.667703845502191,4.68856613871311e-31
"CCND2",0.599219551200587,8.28836321914754e-24
"CCR1",0.526794553629693,7.99334006385686e-18
"CCR2",0.627284385190122,4.01929868187678e-26
"CCR4",0.574794995083241,2.01801191514966e-19
"CCR5",0.67699072447244,3.44123465707376e-32
"CCR7",0.655820466852155,2.71262150928099e-29
"CD180",0.583242361912957,2.33447263162142e-22
"CD1C",0.702238645987983,9.41786948019639e-35
"CD1E",0.629478081986663,6.58015394752239e-25
"CD2",0.773211963902147,5.39942154844123e-47
"CD200",0.607557942198251,1.69869360517663e-24
"CD200R1",0.598692693184014,1.45280834958751e-23
"CD226",0.648048437889158,1.51488505908781e-28
"CD247",0.745001297204812,5.73961955078239e-42
"CD27",0.547328306535252,2.2471997362196e-19
"CD28",0.582319173429102,2.81535491785402e-22
"CD300LF",0.50818441658711,1.66141328259877e-16
"CD33",0.551483074001851,1.05851167447616e-19
"CD37",0.716354452829332,1.68752990587012e-37
"CD3D",0.703008819303206,1.33387580775671e-35
"CD3E",0.812077520531351,3.00370343299396e-55
"CD3G",0.623205358759583,8.06432749591867e-26
"CD4",0.614370520924245,2.92939398267423e-25
"CD40LG",0.836039990888707,4.68149004367834e-60
"CD48",0.82236530534777,9.22870838781607e-58
"CD5",0.788497089423243,8.05977426575887e-50
"CD52",0.779739550372954,2.91565876708397e-48
"CD53",0.695180744217758,1.54832140344159e-34
"CD6",0.743327486476391,1.08705388373854e-41
"CD69",0.769002453631715,8.28164960663458e-46
"CD72",0.525387472156234,1.01205798977729e-17
"CD74",0.587674339325513,9.42008247577395e-23
"CD79A",0.606865375826929,7.95111584130104e-24
"CD79B",0.632482135078879,4.21819092224148e-27
"CD83",0.559839702475636,2.25499207568843e-20
"CD84",0.577257605172351,7.77979218798596e-22
"CD86",0.602176299373072,4.37747115161602e-24
"CD8A",0.600206362787617,6.70282145870486e-24
"CD93",0.522521443614422,1.63106877821372e-17
"CD96",0.785002026942261,2.5750668697799e-49
"CDC42EP3",0.535247547580452,1.89221540906005e-18
"CDH5",0.503620298902683,3.40057693109656e-16
"CEACAM21",0.516730103435086,4.22057579472185e-17
"CECR1",0.608001963878654,1.22028681364e-24
"CELF2",0.701912758387232,1.88924302977276e-35
"CERKL",0.718059095968809,1.36550044584319e-37
"CHST11",0.501809835758858,4.50470743879449e-16
"CIITA",0.538765569724401,1.02643572377019e-18
"CLEC10A",0.7062129558621,4.77741328898006e-36
"CLEC11A",0.522757805671306,1.56838574558492e-17
"CLEC14A",0.551242327088057,1.1060244847733e-19
"CLEC2B",0.621495884056656,5.70904709240476e-26
"CLEC2D",0.534718479630338,2.07325158666391e-18
"CLEC3B",0.515375493445603,5.25800279248606e-17
"CLEC4A",0.535140734558343,1.92746911527438e-18
"CLEC7A",0.543650088310716,4.33835790522858e-19
"CLEC9A",0.586545299134172,6.53318491596673e-22
"CLECL1",0.580803296379471,1.33148982645233e-21
"CLIC2",0.567373193235909,5.38669510090235e-21
"CMKLR1",0.579868277348701,4.61572648494719e-22
"CNRIP1",0.633388155085282,3.38675588647247e-27
"COL14A1",0.584221947207311,1.91245920229485e-22
"COL6A2",0.56299218285991,1.24411523571289e-20
"CORO1A",0.730268527673589,1.34437870282082e-39
"COTL1",0.645688155553003,1.59756227645264e-28
"CPNE5",0.608817422415024,1.018342987668e-24
"CPXM2",0.602127670045396,6.97021973120374e-24
"CR1",0.546191265470628,2.75631705418429e-19
"CRIP1",0.561637161030079,1.6077369868381e-20
"CRISPLD2",0.629502744430413,8.6384973815381e-27
"CRTAM",0.54722541024952,5.63382027054376e-19
"CSF1R",0.53683232438363,1.43777509296914e-18
"CSF2RB",0.618989306201042,1.0197056367633e-25
"CST7",0.698159999281471,6.14742733111434e-35
"CTLA4",0.560171791793282,3.75146061517579e-20
"CTSK",0.528615253719244,5.88056787403946e-18
"CTSS",0.631753033625303,5.03062609581534e-27
"CTSW",0.606734196733417,1.614952787806e-24
"CXCL12",0.625811582861423,2.07716154138896e-26
"CXCR3",0.596410638193031,2.35506952591975e-23
"CXCR4",0.63240632483795,4.29625038401663e-27
"CXCR6",0.720220468918807,6.55611588798438e-38
"CXorf21",0.558510901183756,2.89197625203894e-20
"CYBA",0.518051484447144,3.40293602219294e-17
"CYBB",0.556952911414359,3.86604237480282e-20
"CYSLTR1",0.574349361827725,1.38409743807051e-21
"CYTH4",0.571156271850826,2.58837660148984e-21
"CYTIP",0.729990142026709,1.48521714054954e-39
"CYYR1",0.544878751536391,3.48566614941548e-19
"D4S234E",0.533131773015387,2.72422360151069e-18
"DAPP1",0.575065647445651,1.20164019573375e-21
"DARC",0.607620334098016,2.79969239150076e-22
"DCN",0.583174568473689,2.36685155649e-22
"DDX26B",0.516210376982086,4.59243602626566e-17
"DEF6",0.57143589897139,2.45096904942373e-21
"DENND3",0.527830266367432,6.71418323191115e-18
"DGKA",0.552281041228801,9.14913807669607e-20
"DOCK10",0.58618097964292,1.2809499176145e-22
"DOCK11",0.521395116765192,1.96513491191831e-17
"DOCK2",0.671415987524895,1.66941977134293e-31
"DOCK8",0.650744945572331,4.3685427590365e-29
"DOK2",0.640592993917241,5.75710834837339e-28
"DOK5",0.531205198137356,7.41518964727562e-18
"DPEP2",0.570510968145341,2.93501837699417e-21
"DPT",0.570461470493783,3.94090940114072e-20
"DPYSL3",0.526025225762721,9.09530000099727e-18
"DSE",0.501046191650412,5.06940843912357e-16
"DUSP2",0.571500859997641,2.42008816911736e-21
"EBI3",0.546983358246173,2.86231082923836e-19
"ECSCR",0.592029957641029,3.80877177428117e-23
"EFEMP1",0.624095800207412,3.98983500786966e-26
"EGR2",0.589361686518234,6.64365784501536e-23
"ELTD1",0.53888159856326,1.00581406395145e-18
"EMB",0.660136032543878,3.67802302697066e-30
"EMILIN1",0.574272669834951,1.40517683307693e-21
"EMP3",0.59424882715897,2.38861607839504e-23
"EMR2",0.518376920404356,3.22670562945408e-17
"ENG",0.608341279818068,1.13187123976075e-24
"EOMES",0.532309648545234,7.29264492760002e-18
"EPB41L3",0.575391659015635,1.12663318464623e-21
"EPHA3",0.582976423076099,3.03925590986889e-22
"ERG",0.534367452719588,2.20262996902392e-18
"ERMN",0.500228845703062,8.91496506743427e-16
"ETS1",0.642259914266364,3.79506489858439e-28
"EVI2A",0.703999562214128,9.72460295421799e-36
"EVI2B",0.711473463262754,8.58797878536349e-37
"F2R",0.590329851882185,5.43243264219802e-23
"FAIM3",0.711434052116985,8.70035132850073e-37
"FAM113B",0.529112046893406,5.40636524953781e-18
"FAM129A",0.526921871835175,7.82406173912592e-18
"FAM129C",0.526361190026836,1.01268615598099e-16
"FAM198B",0.50748968808819,1.8540799597438e-16
"FAM26F",0.556490949471888,4.21232218140484e-20
"FAM49A",0.507231326605298,1.93117484459175e-16
"FAM65B",0.508131576646954,1.67535070024753e-16
"FAM70B",0.524426554143444,1.18827192172802e-17
"FAM78A",0.565098746165637,8.33162466398405e-21
"FASLG",0.513092463532469,1.03581997165331e-16
"FBLN2",0.615811001900934,3.41667145963198e-25
"FBLN5",0.579189828827454,5.28878752718109e-22
"FCER1A",0.569821843215504,2.44242705694456e-20
"FCER1G",0.548811109479634,1.71980085427207e-19
"FCGR2A",0.506037565753566,2.33012261845146e-16
"FCN1",0.537527285365585,1.27404862446142e-18
"FCRL1",0.548723245599046,6.57207410726343e-18
"FERMT3",0.602008762361777,4.53951757362017e-24
"FGD2",0.611012829072491,6.24078913521039e-25
"FGD3",0.562211317189677,1.44242615636528e-20
"FGD5",0.506638143275168,2.12025181704801e-16
"FGF7",0.561392857864922,3.60582775431527e-19
"FGL2",0.664640555602068,1.0871523430682e-30
"FGR",0.543593203784571,4.38244115576036e-19
"FILIP1L",0.513290925543198,7.35999760491101e-17
"FLI1",0.675182194763735,5.76585527156083e-32
"FLJ27354",0.537684551389438,6.60800287979186e-17
"FLT3",0.673496392947492,8.94569734755726e-30
"FLT3LG",0.570173919599087,3.13381015391136e-21
"FMNL1",0.656848257531429,8.83562069081805e-30
"FMO2",0.518135297249978,3.3566681124243e-17
"FMOD",0.537132043357268,1.36477719045088e-18
"FOXF1",0.574199301063263,1.74506867935298e-21
"FPR1",0.547577655297089,2.57325951504739e-19
"FPR3",0.562099132831663,1.47335642335129e-20
"FRZB",0.581129828072459,3.58054819788566e-22
"FXYD5",0.504982139476316,2.74928676351342e-16
"FXYD6",0.592041877314074,3.79927344807708e-23
"FYB",0.650111339529712,5.14613764043464e-29
"FYN",0.520910123765053,2.12884483971919e-17
"GAB3",0.660906482965909,2.99038209374562e-30
"GAPT",0.529462060662926,9.92271370100391e-18
"GAS1",0.536746690867831,4.09778460346606e-18
"GBGT1",0.509722574524085,1.30193773603759e-16
"GBP5",0.556989301705886,3.83998432696531e-20
"GEM",0.600535732399887,7.82484670926742e-24
"GFPT2",0.51275657846744,8.01966993441468e-17
"GGT5",0.60482046271466,2.4594505612839e-24
"GGTA1P",0.600802744268132,5.89352249103696e-24
"GIMAP1",0.712705344581256,5.71398037551738e-37
"GIMAP1-GIMAP5",0.637089148670782,1.37092880819357e-27
"GIMAP4",0.718191894842035,9.06499485837082e-38
"GIMAP5",0.624737119808958,2.67565670798813e-26
"GIMAP6",0.649000602443598,6.85161613880892e-29
"GIMAP7",0.672885271127943,1.10472836656833e-31
"GIMAP8",0.597268422616841,1.2585044384008e-23
"GJA4",0.59845673140222,9.76183336959153e-24
"GLIPR2",0.64942596936037,6.14112604332237e-29
"GLT8D2",0.55522631986817,6.41476564815447e-20
"GMFG",0.72275234071455,1.89732223017098e-38
"GNB4",0.576152562696522,9.69010931234642e-22
"GNG11",0.509476390633903,1.35385923798566e-16
"GNG2",0.71145761938573,8.63298099746919e-37
"GNGT2",0.614560265130789,2.8060721616961e-25
"GPBAR1",0.557849923762185,3.2716094814878e-20
"GPNMB",0.50584031743787,2.40338879280478e-16
"GPR124",0.518260822806124,3.28852390567177e-17
"GPR132",0.56724346436332,5.522872498406e-21
"GPR171",0.688885118299814,1.45327665001517e-33
"GPR174",0.540092265032386,7.87756812553706e-18
"GPR18",0.662470627170614,3.50948801912072e-30
"GPR183",0.616141388835396,1.95864556666524e-25
"GPR4",0.513639710452792,6.95839936894627e-17
"GPR55",0.591005959687444,4.13424316391263e-22
"GPR65",0.66958757261614,2.78145156412385e-31
"GPR68",0.610340934197625,9.17561279913317e-25
"GPSM3",0.672066032116456,1.39111104138773e-31
"GRAP",0.599448649996412,7.89022470367718e-24
"GRAP2",0.598346974180225,9.99402745798453e-24
"GRASP",0.536822325425619,1.4402752686654e-18
"GRK5",0.526081121574674,9.01045400439064e-18
"GRRP1",0.511757823145535,1.09782106674223e-16
"GVINP1",0.59966579254871,7.53025852796852e-24
"GYPC",0.597874141405135,1.10580020529892e-23
"GZMA",0.703487358646687,1.14523952322191e-35
"GZMH",0.517144569864536,3.945321760692e-17
"GZMK",0.747247917344299,2.41639593170051e-42
"GZMM",0.691411952356009,6.79985250480445e-34
"HAND2",0.550002592696825,5.31850530989711e-18
"HAPLN3",0.535940739244842,1.67831708457939e-18
"HAVCR2",0.544462583757157,3.75422938310522e-19
"HCK",0.613264330517461,3.76203779088114e-25
"HCLS1",0.719466013694478,5.87433719098113e-38
"HCST",0.631295796936542,5.61682023557865e-27
"HIC1",0.544374616613469,3.81354374854307e-19
"HLA-DMA",0.500572167285102,5.45420074716163e-16
"HLA-DMB",0.628605089889248,1.07046416492291e-26
"HLA-DOA",0.610852842247593,6.46833300783121e-25
"HLA-DPA1",0.679768326725407,1.54640402346122e-32
"HLA-DPB1",0.69121075084008,5.21044244471329e-34
"HLA-DQA1",0.6090338608862,9.70515653416783e-25
"HLA-DQB1",0.644550205415961,2.13166005036213e-28
"HLA-DRA",0.645207315202058,1.80489221309368e-28
"HLA-DRB1",0.612572479201146,4.39700217047004e-25
"HMHA1",0.524817759934095,1.11317181825415e-17
"HOXB2",0.564413605354181,9.49511810749944e-21
"HOXB4",0.552322167562143,9.08055482672016e-20
"HSPB2",0.50100895219727,6.83662340008371e-16
"HVCN1",0.526812815957336,7.96884028727823e-18
"ICAM2",0.56025623901789,2.08533201856836e-20
"ICOS",0.62620612927249,2.43232280685855e-26
"ID3",0.517090541621744,3.98018011945763e-17
"ID4",0.53948253373894,1.07754770305932e-18
"IFI16",0.575030497142801,1.21001471575714e-21
"IFITM1",0.534560326155601,2.13059260405735e-18
"IGFBP7",0.618630918044698,1.10740875331907e-25
"IGJ",0.653051740144295,3.17353758897315e-29
"IGLL5",0.598350556235255,3.05732237844019e-23
"IGSF6",0.601035317170135,5.60467575678717e-24
"IKZF1",0.760972119693651,9.96975155804742e-45
"IL10RA",0.610758330271869,6.60657015899674e-25
"IL12RB1",0.649382307075906,6.21057516049477e-29
"IL16",0.72146325571612,2.96147757048719e-38
"IL18BP",0.603732540886945,3.11989029299915e-24
"IL18RAP",0.678631093214966,2.93076519054481e-32
"IL21R",0.543197782428617,5.61142331426385e-19
"IL24",0.627079358026128,5.42442819639236e-26
"IL27RA",0.521370848366775,1.97302512389675e-17
"IL2RB",0.662090810578533,2.17286995756839e-30
"IL2RG",0.643949375062633,2.48107878036193e-28
"IL33",0.582906995618711,2.49901343796365e-22
"IL7R",0.742913245441024,2.85169223848404e-41
"INMT",0.55584636731244,4.74687082037034e-20
"INPP5D",0.650850589501963,4.25067399729066e-29
"IPCEF1",0.58833477745929,8.21872295991758e-23
"IRF8",0.514720462549615,5.84552862027811e-17
"ISLR",0.516973402708986,1.67663777204849e-16
"ITGA4",0.64730282068128,1.0587842315191e-28
"ITGA9",0.51483480822475,5.73852652145112e-17
"ITGAX",0.533378577496274,2.61118380630459e-18
"ITGB2",0.607329419753331,1.41608702920506e-24
"ITGBL1",0.57633152973691,3.18103469082897e-21
"ITK",0.715994129834783,2.73494199779609e-37
"ITM2A",0.544307683928649,4.6103978459164e-19
"ITPKB",0.600396357690052,6.43379538192868e-24
"ITPRIPL1",0.579489379510173,6.12437630103324e-22
"JAK3",0.617072688384428,1.583333161117e-25
"JAM2",0.592484608174669,4.30743964375871e-23
"JUNB",0.551541936618027,1.04720310433217e-19
"KCNA3",0.593079695392683,7.33489966953252e-23
"KCNE4",0.541162893334314,6.73796204740494e-19
"KCTD12",0.633774211331659,3.08362987516578e-27
"KIAA0748",0.672231279654798,8.17188154581941e-31
"KIAA1949",0.56012142818244,2.13882208927746e-20
"KIF17",0.515994083738994,4.75648491043001e-17
"KLF2",0.621983408565295,5.09686435952861e-26
"KLHL6",0.649840615969205,5.51858958156705e-29
"KLRC4-KLRK1",0.536792948000068,1.44764560349596e-18
"KLRG1",0.663843973679042,1.3507181232889e-30
"KLRK1",0.541040343795542,6.88507557687715e-19
"LAIR1",0.541345145078784,6.52486644351264e-19
"LAMA2",0.516931320895912,4.78190317577738e-17
"LAPTM5",0.631473478575183,5.38143847816634e-27
"LAX1",0.555611815167498,1.04639552182878e-19
"LBH",0.539169531079188,9.56379851762695e-19
"LCK",0.787856362501945,6.70877994002872e-50
"LCP1",0.582577913384433,2.6715357345673e-22
"LCP2",0.704210885330163,9.08917479300366e-36
"LDB2",0.508609619830043,1.55331611192325e-16
"LDHB",0.543180434775654,4.71575645558842e-19
"LGALS2",0.534867281073821,2.84263140579746e-18
"LHFP",0.5815084573658,3.31707078407797e-22
"LILRA5",0.502896730067174,7.9742820641385e-16
"LILRB1",0.540052260650591,8.19216683452191e-19
"LILRB2",0.512807242875084,7.95471613868758e-17
"LILRB4",0.53059931267469,4.19984785492196e-18
"LIMD2",0.5720879807024,2.15777759979692e-21
"LMO2",0.595882911151023,1.69009011113828e-23
"LOC100128420",0.684130406697751,1.96000850341218e-31
"LOC100130231",0.708107616633026,2.58624913585337e-36
"LOC100188949",0.569433701071,7.9922283000051e-21
"LOC100233209",0.722569182057897,2.0215391766981e-38
"LOC100505746",0.625066962880089,2.47582441082133e-26
"LOC100506776",0.621059321946335,8.07897283012945e-26
"LOC100506939",0.557367945889186,5.21418590648948e-20
"LOC145820",0.526187327958088,1.22931754078915e-17
"LOC283663",0.511827098684074,9.30778470473876e-17
"LOC283888",0.528072543744423,1.05930094841638e-17
"LOC285972",0.551678943014948,1.47452374595174e-19
"LOC374443",0.503905751419077,3.25261779042777e-16
"LOC400456",0.550671832912072,5.29842378247362e-19
"LOC439949",0.539595281206539,1.78194107379e-18
"LOC606724",0.623533077143345,3.5493202726958e-26
"LOC643733",0.530588601754536,4.20751154422987e-18
"LOC96610",0.504458502544767,2.98381041931337e-16
"LOXL1",0.50947236408957,1.83749823887231e-16
"LPAR6",0.541515519362978,6.33164591994854e-19
"LPXN",0.554426297016822,6.1705064795314e-20
"LRMP",0.591622876409627,4.14755759722821e-23
"LRRC32",0.545468960006947,3.13684729551208e-19
"LRRC33",0.608097928782394,1.19461413808573e-24
"LRRC70",0.547153623802317,2.31893493041474e-19
"LRRC8C",0.622259312479198,4.77954759305027e-26
"LSP1",0.631432230611391,5.43520005918738e-27
"LST1",0.642302765237917,3.7544983238798e-28
"LTA",0.666186185526229,1.28587747346211e-30
"LTB",0.715356019736522,2.36051082957777e-37
"LTBP2",0.533596331262268,2.51527852265563e-18
"LUM",0.583035937353009,3.00290844874113e-22
"LXN",0.573105773682022,1.76765671734826e-21
"LY86",0.645572766793278,1.64506657088424e-28
"LY9",0.698252829973038,5.97192136815991e-35
"LYL1",0.545162121463545,3.31368528079744e-19
"MAL",0.649474321602463,1.05178575646036e-25
"MAP4K1",0.643689970654176,2.64884566655234e-28
"MATK",0.562262706459351,1.42847149953108e-20
"MCOLN2",0.5179043119394,3.48569765267465e-17
"MEF2C",0.592198061333547,3.67694805517473e-23
"MEOX1",0.530659915762894,2.74649267924364e-16
"MFAP4",0.621809117273862,5.30791284762472e-26
"MGP",0.56228786385789,1.42168848589508e-20
"MIAT",0.577250483044489,7.79083060168617e-22
"MIR155HG",0.51943481436595,3.18221438083619e-17
"MIR4649",0.531410245472363,1.96469944572473e-17
"MMP2",0.565473407224333,7.75585400451148e-21
"MMP23B",0.506160634495206,6.53852954812486e-16
"MMRN2",0.512781097338079,7.98817114791682e-17
"MNDA",0.610612025471503,6.82631526467889e-25
"MOXD1",0.620752314315174,1.41710241130706e-25
"MPEG1",0.612905147421535,4.07951616337117e-25
"MRVI1",0.503519684429631,3.45428323088695e-16
"MS4A1",0.697186015573762,6.21434863942306e-34
"MS4A4A",0.575551365193954,1.09158741515319e-21
"MS4A6A",0.660418519683695,3.40947647358565e-30
"MS4A7",0.585981750126401,1.33440433846179e-22
"MYCT1",0.576255038330932,9.49512289167723e-22
"MYH11",0.536325948316649,1.56989993126442e-18
"MYL9",0.520189089093262,2.39721245662261e-17
"MYO1F",0.652447531488591,2.80748672806773e-29
"MYO1G",0.578344911347981,6.2630434199705e-22
"MZB1",0.544022190001397,9.86960547822265e-19
"NAPSB",0.69201899831266,4.07635246632779e-34
"NCF1",0.553279436635285,9.16673201782722e-20
"NCF4",0.58506597862419,1.60969678485854e-22
"NCKAP1L",0.631609629449473,5.20767343827835e-27
"NCR3",0.761134742419083,2.22546655104165e-44
"NEXN",0.520992915744923,2.09998197672363e-17
"NFAM1",0.538641464956738,1.04895181129743e-18
"NFATC1",0.513222483434411,7.44142655247531e-17
"NGFR",0.58550602269891,1.47107514208279e-22
"NKG7",0.513035375757493,7.66856855966254e-17
"NLRC3",0.653062532718841,2.39140807540272e-29
"NLRP3",0.519751216271001,3.54476812481421e-17
"NMUR1",0.501801174691091,6.05475466435595e-16
"P2RX1",0.550404167202732,1.5464456535552e-19
"P2RX5",0.506480329815057,4.60984570559649e-16
"P2RY10",0.659425255854165,1.40526386371475e-29
"P2RY13",0.543482474537174,4.46951611695868e-19
"P2RY14",0.509532345407391,1.82022983461321e-16
"PARP15",0.521349956159326,1.97984252215016e-17
"PARP8",0.541340318847771,6.53042326909858e-19
"PARVG",0.664216980927662,1.22026987121384e-30
"PDCD1LG2",0.547036747329411,2.36818136156716e-19
"PDE1A",0.593032168263672,4.78130436330774e-23
"PDE1B",0.526783334983576,8.00842700718881e-18
"PDE6G",0.591401566638981,4.34399801199326e-23
"PDZD4",0.514983027590488,7.6576687739216e-17
"PECAM1",0.577598339043095,7.26927812577982e-22
"PIK3CD",0.600614652928283,6.1377934889193e-24
"PIK3CG",0.520943091614982,2.11730533210297e-17
"PIK3R5",0.610413914540263,7.13537338577327e-25
"PIK3R6",0.503215963306202,3.62149082119016e-16
"PILRA",0.500168812015755,5.80402491825378e-16
"PIM2",0.527846249165443,6.69610782660631e-18
"PIP4K2A",0.558091039162099,3.12777035431735e-20
"PLAC9",0.533177225061779,2.70305149738747e-18
"PLAU",0.51143075244716,9.91679359138222e-17
"PLCB2",0.649932070722742,5.3898905893198e-29
"PLCL1",0.518472546775023,3.17664409367294e-17
"PLEK",0.614167775952061,3.06706236987353e-25
"PLEKHO1",0.54778400605518,2.07015650271584e-19
"PLEKHO2",0.581991019642429,3.00874538154596e-22
"PLN",0.538125401415001,7.71002955415432e-18
"PODN",0.609378081492409,1.43618762365652e-24
"POU2AF1",0.535906715738035,6.65474926390525e-18
"PPP1R14A",0.505996964874449,2.3450224673131e-16
"PPP1R16B",0.637250733146612,1.31748200697237e-27
"PRDM1",0.613989780050735,3.19316153517432e-25
"PRELP",0.571063349332769,3.21763955305337e-21
"PREX1",0.631968663760179,4.77551038106278e-27
"PRF1",0.575296437678063,1.14805217709645e-21
"PRKCB",0.632682587447763,4.01845800656521e-27
"PRKCH",0.619213788087249,9.68292835216325e-26
"PRKCQ",0.661590440741069,3.32403923350882e-30
"PRR16",0.575875594329367,3.47382766197241e-21
"PSTPIP1",0.609002326143652,9.77343894409407e-25
"PTGDR",0.645529568134433,8.49177457395113e-28
"PTGDS",0.641334006396464,4.78505919660618e-28
"PTGER2",0.684201219746228,5.82020739403842e-33
"PTGER4",0.582388660340034,2.77600008054175e-22
"PTGIR",0.599259344080693,8.217818594115e-24
"PTGIS",0.549036585728506,7.05570358495757e-19
"PTPLAD2",0.66167121377539,2.43356804839751e-30
"PTPN22",0.63874583202334,9.10875933802817e-28
"PTPN7",0.668602226523469,3.65676758385085e-31
"PTPRC",0.714275836148197,3.38837024019784e-37
"PTPRCAP",0.672170653115016,1.35081409592308e-31
"PTPRE",0.558272663179156,3.02353967317566e-20
"PVRIG",0.534648483714751,2.0984405376065e-18
"PYHIN1",0.649258661859759,6.41147153086526e-29
"RAB31",0.523450948862032,1.39786820406972e-17
"RAB33A",0.58841167600203,1.06381350590444e-21
"RAB39B",0.558089483234119,2.06663330495737e-19
"RAC2",0.707607410868483,3.04257739504593e-36
"RAMP2",0.516787984733839,4.18103475167925e-17
"RAMP3",0.550593824002157,1.24467221706647e-19
"RASAL3",0.686532374873518,2.12374942534139e-33
"RASGRP1",0.676237736994791,5.80625139020215e-32
"RASGRP3",0.523101009306203,1.48155134460043e-17
"RASSF2",0.677773344657529,2.74928110127756e-32
"RCAN2",0.550732175847773,1.21372992030411e-19
"RCSD1",0.708495427694425,2.27957255077695e-36
"RGS1",0.600178754695572,6.74282337475531e-24
"RGS10",0.623725797777198,3.39265074883946e-26
"RGS18",0.617513687160427,1.43125952503408e-25
"RHOH",0.694810911145125,1.735075927271e-34
"RIPK3",0.547717822508867,2.09499265981096e-19
"RLTPR",0.535174659209608,1.91620301962021e-18
"RNASE6",0.656631183991537,9.35836689121195e-30
"RUNX3",0.670490211197534,2.16281255609624e-31
"S100A4",0.553971501201625,6.70947282044582e-20
"S1PR4",0.650078608443902,5.18981674663062e-29
"SAMD3",0.701213123504386,2.35734589566904e-35
"SAMSN1",0.63859239317367,9.46127604945859e-28
"SASH3",0.729864399087473,1.55351694839401e-39
"SCML4",0.572984457287958,2.21354951504616e-21
"SELL",0.634722009281555,2.44817684889073e-27
"SELP",0.523887407651637,2.9307235605836e-17
"SELPLG",0.712320462820569,6.49119539727197e-37
"SEMA4D",0.568992646528433,3.94064812596122e-21
"SEPT1",0.624071916186723,3.12819085365806e-26
"SERPINB9",0.536077581171545,1.63898716471382e-18
"SFMBT2",0.549882056488054,1.41651395693174e-19
"SGCA",0.500687735872345,2.31820796551144e-15
"SH2B3",0.529249114334851,5.28226867746014e-18
"SH2D1A",0.675568766497523,7.02079821895663e-32
"SH2D2A",0.58795579883956,8.88833601041105e-23
"SH2D3C",0.599525293275815,7.76127773441808e-24
"SHISA3",0.611158331182332,6.78540817428561e-23
"SIDT1",0.515629331730725,5.04623032605558e-17
"SIGLEC10",0.509167212216687,1.42194620447896e-16
"SIGLEC7",0.527561699861599,7.02516658781369e-18
"SIGLEC9",0.514427454591449,6.12872038430137e-17
"SIGLECP3",0.508258079593273,1.01291831658956e-15
"SIRPG",0.549103191671943,2.34554220310901e-19
"SIT1",0.714141344026192,1.48899540636587e-36
"SLA",0.667139107943714,5.47901279829815e-31
"SLA2",0.662344627467012,2.0287471823678e-30
"SLAMF1",0.724752615324192,1.37606181686308e-38
"SLAMF6",0.6944398177295,2.70864041376151e-34
"SLAMF7",0.605279365593885,2.22405309132992e-24
"SLAMF8",0.586948540951721,1.09398912354322e-22
"SLC15A3",0.521267372454378,2.00701737107765e-17
"SLC24A4",0.502403206465347,6.39776141840009e-16
"SLC4A10",0.623005144224723,5.71276506731582e-24
"SLC8A1",0.564599267898251,9.16493507054269e-21
"SLC9A9",0.625404325238706,2.28664725356702e-26
"SLFN11",0.573064988725301,1.78186291147231e-21
"SLIT3",0.527315046794171,8.63738307288395e-18
"SMOC2",0.673955059070624,8.16674252536419e-32
"SNAI1",0.542932376707845,4.92790223143365e-19
"SNAI3",0.591389176702266,5.41263580676479e-23
"SOCS3",0.573491766884649,1.63860148898312e-21
"SOX17",0.508183643626194,1.66161634326857e-16
"SP140",0.507511537503914,1.84770008737148e-16
"SPI1",0.607098585747487,1.49017240438319e-24
"SPN",0.672684580352974,1.1689837235785e-31
"SPOCK2",0.772263806477911,8.18371688034016e-47
"SRGN",0.672745813736262,1.14899749267736e-31
"SRPX",0.520638694032543,3.60032402420826e-17
"ST8SIA1",0.520818455291544,7.79762199183421e-17
"ST8SIA4",0.651922032081678,3.2189590923182e-29
"STAP1",0.524463242260076,2.22313685240282e-16
"STAT4",0.548503439220164,1.81814511556368e-19
"STK10",0.546236641374407,2.73398648863352e-19
"STK17B",0.637093751263492,1.3693772797873e-27
"STX11",0.534273631185438,2.23853023453888e-18
"SVEP1",0.595009433643314,3.16224015207184e-23
"SYK",0.518668016949193,3.07666949646341e-17
"SYNPO2",0.623206013684711,3.8316613720291e-26
"SYTL1",0.507048222828054,1.98770470539292e-16
"TAGAP",0.670372246911879,2.23521219851181e-31
"TAGLN",0.531269300851395,3.74672482479632e-18
"TAL1",0.504595109175121,2.92080450163604e-16
"TBC1D10C",0.667010069491369,5.67730045947391e-31
"TBX21",0.580807375610345,4.70409172265347e-22
"TBXAS1",0.526586693828133,8.27745044876124e-18
"TCF21",0.579106343176317,1.85588768052527e-21
"TCF4",0.581897563832725,3.06617124720081e-22
"TEK",0.581316132138782,5.23111615000368e-22
"TFEC",0.541104620469271,6.80752652199623e-19
"TGFB1",0.522435579754864,1.65444247693167e-17
"THBD",0.592100562479319,3.7528481241761e-23
"THBS2",0.536249704964183,1.59079861908426e-18
"THEMIS",0.692888395222962,6.05612538814497e-33
"TIE1",0.514734248069214,5.83252554603468e-17
"TIGIT",0.563539799958086,1.36025966309779e-20
"TIMP1",0.617565711689507,1.41429623946864e-25
"TIMP2",0.509283083507569,1.39604508024981e-16
"TM6SF1",0.569257918013559,3.74334111960821e-21
"TMC8",0.63068184353096,6.51088921838286e-27
"TMEM119",0.55982161550053,3.3097077230187e-20
"TMEM173",0.632040280313639,4.69363206019022e-27
"TMEM204",0.547898789565645,2.02776605745617e-19
"TMEM71",0.713366489676101,4.58758755082885e-37
"TMIGD2",0.651007216612054,1.05885404190287e-26
"TNF",0.506175753849608,2.28010125840363e-16
"TNFAIP8",0.551157381868262,1.12328359684102e-19
"TNFAIP8L2",0.630016285452346,7.63871030097326e-27
"TNFRSF4",0.525373237912734,1.19483343094889e-17
"TNFSF13B",0.625271293761174,2.35948204485548e-26
"TNFSF8",0.53804762213336,1.95549094564094e-18
"TRAF3IP3",0.710024411671116,1.38309649350842e-36
"TRAT1",0.713693036428062,2.11740948080028e-35
"TRERF1",0.538030792715383,1.16699723080411e-18
"TRIM22",0.539113552337075,9.65800220978495e-19
"TSHZ3",0.548203917444218,1.91917896263835e-19
"TSPAN32",0.586612307229264,1.17233160682152e-22
"TUBA1A",0.525757966577394,9.51192844290278e-18
"TYROBP",0.584085869525832,1.96625162426009e-22
"UBASH3A",0.661394158668119,3.5038965148997e-30
"UCP2",0.613830032723994,3.31066895655919e-25
"UNC5C",0.526869617617709,9.30654939603188e-18
"VAV1",0.613246845313966,3.7769135361161e-25
"VEGFC",0.560534973071054,1.97886861340545e-20
"VIM",0.574296643241707,1.39855388481498e-21
"WAS",0.611488867210087,5.60931647730243e-25
"WDFY4",0.589846775533763,6.00684722790978e-23
"WIPF1",0.720093440433485,4.74017880584464e-38
"XCL2",0.550899854109957,3.52981062853926e-19
"ZAP70",0.706352582221444,4.56692757178097e-36
"ZBP1",0.530091925220041,4.57835224890819e-18
"ZC3H12D",0.509778323444274,1.29045363196305e-16
"ZCCHC18",0.527656922740583,2.19940646473886e-17
"ZEB2",0.630065695771231,7.54875174644527e-27
"ZFPM2",0.560310967578761,2.06399379321794e-20
"ZNF521",0.532574706488099,2.99730155960482e-18
"ZNF831",0.592151505926417,1.37392531971489e-22
