TCGA Participant Barcode,Immune Subtype,TCGA Subtype,Leukocyte Fraction,Stromal Fraction,Intratumor Heterogeneity,Proliferation,Wound Healing,Macrophage Regulation,Lymphocyte Infiltration Signature Score,IFN-gamma Response,TGF-beta Response,SNV Neoantigens,Indel Neoantigens,Silent Mutation Rate,Nonsilent Mutation Rate,Number of Segments,Fraction Altered,Aneuploidy Score,Homologous Recombination Defects,BCR Evenness,BCR Shannon,BCR Richness,TCR Shannon,TCR Richness,TCR Evenness,CTA Score,KLRB1,KLRB1（3.0996）
TCGA-2Y-A9GV,C3,NA,0.310645239,0.36,0.01,-1.6165,-0.405,0.0244,-0.0641,-0.1261,-0.7467,35,5,NA,NA,85,0.092790726,2,19,NA,NA,NA,2.197224577,9,1,0.863332684,5.105,1
TCGA-2Y-A9HA,C4,NA,0.144464625,0.21,0.18,-0.3566,-0.0475,-0.6502,-1.1484,0.5932,-0.6149,42,10,0.918871438,3.216050034,215,0.36492941,5,21,NA,NA,NA,1.098612289,3,1,5.291869039,1.4256,0
TCGA-5C-A9VH,C4,NA,0.090842049,0.2,0.33,-0.6065,-0.1535,-0.7449,-0.6985,0.1232,-0.208,54,44,0.538963932,2.204852449,82,0.34193756,6,12,NA,NA,NA,2.197224577,9,1,0.616695303,4.6022,1
TCGA-BC-A216,C1,LIHC.iCluster:3,0.168912273,0.16,0.07,0.7013,0.0315,-0.2795,0.4947,-0.4007,-0.4818,28,1,0.434042131,1.600530356,567,0.209204918,5,20,0.90929609,1.769408489,7,2.867687639,21,0.941917065,2.230385874,3.6242,1
TCGA-BC-A3KF,C3,LIHC.iCluster:3,0.095041976,0.17,0.05,-0.5595,-0.177,-0.8554,-1.0891,-0.3972,-0.8754,35,4,0.709079141,1.943402091,157,0.700815539,7,34,NA,NA,NA,1.609437912,5,1,0.799379475,2.0301,0
TCGA-CC-5261,C3,LIHC.iCluster:1,0.283040301,0.51,0.18,-0.0582,-0.242,0.2377,1.3255,-0.3599,-0.0193,NA,NA,0,0,122,0.456123944,14,28,NA,NA,NA,3.165672167,25,0.983471354,0.55379582,12.5396,1
TCGA-CC-A7IH,C3,LIHC.iCluster:3,0.051392321,0.12,0.07,-0.762,-0.236,-1.2422,-1.2807,-0.7535,-0.9711,315,58,5.751477761,16.22211676,152,0.839505377,7,11,NA,NA,NA,NA,0,NA,1.427574104,1.5095,0
TCGA-CC-A7IK,C4,LIHC.iCluster:3,0.065031532,0.28,0.11,0.0517,0.0315,-1.1899,-1.8994,-0.1487,-1.0782,137,17,2.069466101,7.10261205,151,0.775304309,22,14,NA,NA,NA,0,1,NA,4.538172747,0.6168,0
TCGA-DD-A1EF,C3,LIHC.iCluster:1,0.254788837,0.55,0.25,-0.3686,-0.203,-0.2459,0.8694,-1.0988,-0.588,61,4,1.245446172,2.755880891,152,0.710027715,24,24,0.831275632,1.993311908,11,3.052520502,22,0.987537553,0.730751522,7.1214,1
TCGA-DD-A3A6,NA,NA,0.533796861,0.76,0.04,NA,NA,NA,NA,NA,NA,14,8,0.130363119,0.651815596,47,0.04678589,0,0,NA,NA,NA,NA,NA,NA,NA,15.2366,1
TCGA-DD-A4NN,C3,LIHC.iCluster:1,0.036968546,0.08,0.23,0.0731,-0.057,-1.0788,-1.7449,-1.2625,-0.2992,28,140,0.385527355,1.233687534,108,0.445138447,8,34,NA,NA,NA,NA,0,NA,0.891235018,1.1182,0
TCGA-DD-AACE,C4,NA,0.077179408,0.25,0.09,-1.1898,-0.3345,-1.2855,-1.1459,-0.0135,-0.9735,48,12,0.480484486,1.657671477,87,0.718387906,19,6,NA,0,1,0.693147181,2,1,1.276033291,0.3651,0
TCGA-DD-AADB,C2,NA,0.351020921,0.36,0.16,0.1542,0.051,0.0591,1.3558,0.2018,-0.6403,55,NA,1.022850579,2.605833619,149,0.775953937,7,17,0.727816256,2.770550842,45,3.626656184,39,0.989926343,1.427769621,5.2989,1
TCGA-DD-AADN,C2,NA,0.310051226,0.45,0.23,-0.0576,0.186,0.1812,1.9133,-0.5695,-1.5699,56,21,NA,NA,233,0.467553713,16,24,NA,0,1,2.441015278,12,0.982336813,0.756785702,7.1506,1
TCGA-DD-AAE1,C4,NA,0.093016948,0.12,0.03,-0.7908,-0.22,-0.7063,-0.5228,0.0168,-1.0042,18,1,0.413235797,0.972319522,95,0.258263302,5,16,NA,NA,NA,1.609437912,5,1,1.180215397,2.8755,0
TCGA-ED-A627,C3,LIHC.iCluster:1,0.457457399,0.54,0,-1.3571,-0.2215,0.7764,1.6206,0.617,0.233,0,0,0.024767031,0,57,9.72361E-05,0,0,0.778101077,3.028229565,49,2.636391439,16,0.950877214,1.609907528,24.4499,1
TCGA-ED-A7PY,C3,LIHC.iCluster:1,0.054977785,0.18,0.09,-0.6953,-0.222,-1.2406,-0.6223,-0.7412,-1.0705,18,NA,0.201266793,0.628958729,78,0.365116766,8,18,NA,NA,NA,1.098612289,3,1,0.754013572,1.5895,0
TCGA-FV-A2QR,C3,LIHC.iCluster:3,0.099060519,0.2,0.01,-0.792,-0.2765,-0.6383,-1.2978,-0.5759,-0.4746,46,22,0.915283623,2.536643184,159,0.26057102,5,27,0.936422236,1.298156865,4,NA,0,NA,3.085092859,0.5571,0
TCGA-FV-A3R3,C3,LIHC.,0.259537773,0.65,0,-1.7078,-0.3145,0.2196,-0.1625,-0.164,0.07,30,5,0.310649709,1.268486311,43,0.096857797,1,7,NA,NA,NA,2.197224577,9,1,1.039473919,10.7693,1
TCGA-G3-A25T,C1,LIHC.iCluster:1,0.099589899,0.31,0.17,-0.1881,0.035,-0.3891,-0.442,-0.4666,-0.19,35,14,0.337467052,1.153012426,63,0.530182168,15,13,NA,NA,NA,NA,0,NA,1.137952736,5.6126,1
TCGA-G3-A6UC,C4,LIHC.iCluster:3,0.030604273,0.07,0.08,-1.4215,-0.3435,-1.3296,-1.8821,-0.3642,-1.3237,58,33,1.107045208,2.591492192,148,0.250360781,6,9,NA,NA,NA,NA,0,NA,0.548643581,1.1052,0
TCGA-G3-AAV7,C4,NA,0.329198393,0.35,0.15,0.9048,0.1975,0.1904,-0.9488,-0.2953,-0.214,39,16,0.624747443,1.706041094,107,0.932475978,9,23,NA,NA,NA,2.540036304,13,0.990287117,1.3576436,1.4548,0
TCGA-GJ-A3OU,C3,NA,0.5424541,0.72,0.23,-0.4311,-0.07,1.4907,1.2478,-0.098,0.0559,26,20,NA,NA,69,0.276433255,6,15,0.910217871,1.46493915,5,4.083687893,68,0.967811455,0.577153649,10.7623,1
TCGA-MI-A75G,C4,LIHC.iCluster:3,0.073197833,0.12,0.48,-1.359,-0.1265,-1.2916,-1.2321,-0.4356,-1.0981,121,176,1.458147894,5.525613071,140,0.743827618,12,10,NA,NA,NA,0,1,NA,2.207605588,0.9836,0
TCGA-RC-A7SH,C4,NA,0.047411652,0.08,0.22,-0.2475,-0.2115,-1.6562,-1.2787,-0.4049,-0.6692,27,4,NA,NA,132,0.761882041,6,26,NA,NA,NA,0.693147181,2,1,0.816046677,0.8259,0
TCGA-WX-AA47,C4,NA,0.046037355,0.03,0.06,-0.9333,-0.141,-1.8406,-1.5513,-1.6003,-1.0645,20,31,NA,NA,101,0.230020096,6,6,NA,NA,NA,NA,0,NA,0.559568001,0.3253,0
TCGA-ZP-A9CZ,C2,NA,0.272975017,0.33,0.12,0.3081,0.041,0.2108,0.9482,-0.4506,-0.7149,27,7,NA,NA,91,0.25159121,4,30,0.553974444,1.712358526,22,2.479955521,13,0.966863347,0.36140762,3.5865,1
TCGA-2Y-A9GS,C4,NA,0.230591607,0.29,0.16,0.2444,0.032,-0.0263,-0.6228,-0.0602,-0.4885,43,34,0.337432479,1.542548476,109,0.719476541,9,9,NA,NA,NA,1.609437912,5,1,3.955155741,1.069,0
TCGA-2Y-A9GX,C3,NA,0.474728459,0.73,0.07,-0.7517,-0.2305,0.7174,1.1884,-0.0118,0.1559,23,120,0.365034814,1.216782714,40,0.174674088,3,18,0.892600002,2.974325752,28,3.721032164,43,0.989320443,1.397903253,15.7642,1
TCGA-2Y-A9H3,C3,NA,0.405731976,0.65,0.18,-1.3867,-0.1505,0.3384,1.6429,-0.5489,-0.5733,103,56,1.170142384,3.778584781,158,0.591576833,18,22,0.911011462,3.185358466,33,2.043191871,8,0.982567593,1.466532555,16.0423,1
TCGA-2Y-A9H6,C3,NA,0.205768245,0.33,0.08,-1.168,-0.267,0.1238,0.6859,-0.6425,-0.2273,28,5,0.507948819,1.088461754,239,0.260411914,6,18,NA,0,1,2.63905733,14,1,0.839067552,12.1935,1
TCGA-2Y-A9H9,C4,NA,0.068775254,0.12,0.18,-0.6681,-0.1435,-0.5282,-0.5857,0.5809,-0.819,65,171,NA,NA,348,0.26326484,3,11,NA,0,1,0.693147181,2,1,2.540084653,1.8471,0
TCGA-BC-A10W,C4,LIHC.iCluster:1,0.190769586,0.27,0.06,0.6387,0.0335,-0.0512,-1.0442,-0.8656,-0.549,42,17,0.861960914,2.230957661,132,0.276109502,4,24,NA,NA,NA,1.732867951,6,0.967132018,1.288064522,2.0198,0
TCGA-BC-A112,C4,LIHC.iCluster:1,0.140103971,0.4,0,-0.2439,-0.027,-0.0526,-1.1133,-0.2495,-0.0644,NA,NA,0,0,195,0.889339931,18,18,NA,NA,NA,1.386294361,4,1,0.844984617,0.8414,0
TCGA-CC-A3MC,C3,LIHC.iCluster:1,0.209279834,0.36,0.42,0.0707,-0.0225,-0.509,-0.8574,-0.6456,-0.3333,33,37,0.645773801,2.350616634,114,0.571369497,6,25,NA,NA,NA,0,1,NA,1.162453765,1.543,0
TCGA-CC-A5UD,C4,LIHC.iCluster:2,0.070806772,0.15,0.01,0.5451,0.192,-0.8849,-1.1712,-0.4538,-0.6557,62,14,1.524442225,4.92100648,96,0.946347609,16,23,NA,NA,NA,1.386294361,4,1,1.374561976,0.8343,0
TCGA-CC-A7IJ,C2,LIHC.iCluster:1,0.399919725,0.49,0.24,0.9495,0.4085,1.0021,0.7774,0.5966,0.6737,73,117,1.008046147,3.463543171,316,0.826713353,8,31,0.979183487,1.357436547,4,3.625809829,43,0.964003434,2.240673615,2.5171,0
TCGA-CC-A8HV,C4,NA,0.106067794,0.18,0.2,-0.1171,-0.0895,-1.5066,-1.1486,-0.6717,-0.4921,65,191,NA,NA,400,0.814793975,24,39,NA,NA,NA,0.636514168,2,0.918295834,1.066687815,1.6324,0
TCGA-CC-A9FS,C3,NA,0.141179807,0.13,0.07,-0.481,-0.176,-0.6356,-0.6549,-0.5109,-1.0195,58,0,0.702124061,2.324272753,81,0.724439084,8,23,NA,NA,NA,1.609437912,5,1,1.337351131,2.7619,0
TCGA-DD-A1EG,C2,LIHC.iCluster:3,0.300816225,0.67,0.31,-0.3529,0.01,0.4017,0.7782,0.2289,-0.2719,NA,NA,0,0,68,0.45891994,18,14,0.853483202,3.286036303,47,2.894399544,20,0.966174304,2.63765503,5.4445,1
TCGA-DD-A39Y,C4,LIHC.iCluster:3,0.166882211,0.33,0.04,0.109,0.2925,-0.8976,-1.2766,-0.9321,-0.7672,NA,NA,0,0,119,0.947606106,22,18,NA,NA,NA,0.693147181,2,1,3.528421688,1.1376,0
TCGA-DD-A3A2,C3,LIHC.iCluster:2,0.129081978,0.21,0,-2.0164,-0.276,-0.8197,-0.5696,-0.5939,-1.0993,42,222,0.511215558,1.661450564,47,0.057240338,2,1,NA,NA,NA,NA,0,NA,1.315489106,1.6248,0
TCGA-DD-A4NA,C3,NA,0.169933193,NA,NA,-0.6153,-0.2115,-0.0859,-0.2348,-0.6562,-0.0875,13,53,0.273806076,0.766657013,240,0.804146036,11,24,0.713282782,2.42601553,30,1.329661349,4,0.959147917,2.681533996,3.6508,1
TCGA-DD-A4NF,C4,LIHC.iCluster:2,0.084976372,0,0.08,-1.9788,-0.3415,-1.0487,-1.6935,-0.3029,-1.021,79,6,0.811153446,3.163498441,57,0.118854169,2,4,NA,NA,NA,NA,0,NA,1.103598369,0.3913,0
TCGA-DD-A4NP,C4,LIHC.iCluster:2,0.214508761,0.31,0,-2.3835,-0.319,-0.8599,-0.8542,-0.4056,-1.0989,15,4,0.236957454,0.631886543,55,0.038904472,2,0,NA,NA,NA,0.636514168,2,0.918295834,0.765682258,2.6954,0
TCGA-DD-AACW,C4,NA,0.08016576,0.1,0,-0.0971,-0.0995,-0.7812,-0.5937,-0.3674,-1.1973,26,11,0.23919837,1.076392664,96,0.653212043,5,15,NA,NA,NA,1.609437912,5,1,1.368117516,7.4129,1
TCGA-DD-AACZ,C2,NA,0.395477094,0.53,0.31,0.1135,0.192,0.9696,1.2543,-0.6315,-0.6739,73,15,0.926345773,3.634125723,219,0.646860071,20,29,0.900559793,2.697836037,20,3.429486232,32,0.989540556,3.538895786,10.2449,1
TCGA-DD-AAD1,C3,NA,0.387719101,0.56,0.15,-0.8886,-0.237,0.3795,1.657,0.0806,0.046,59,35,0.98412033,2.568314033,104,0.235099248,7,20,NA,0,1,3.626656184,40,0.983132203,1.043052565,22.7055,1
TCGA-DD-AADR,C4,NA,0.207752129,NA,NA,-0.0529,0.0145,-0.3725,-0.2898,0.0179,-1.0653,39,34,0.697239782,1.947462838,103,0.58916964,NA,NA,NA,NA,NA,1.991509361,8,0.95771356,2.736475797,8.5131,1
TCGA-DD-AAEG,C4,NA,0.079395581,0.17,0.18,-0.7087,-0.188,-1.1647,-1.4416,-0.2064,-0.6763,61,109,0.752150495,2.304977324,214,0.312938935,6,18,NA,NA,NA,NA,0,NA,1.322676324,1.0882,0
TCGA-DD-AAEH,C3,NA,0.250946554,0.31,0.02,-0.9101,-0.1935,0.1142,1.5771,-0.2519,-0.8687,40,57,NA,NA,129,0.221412035,7,14,0.856166587,1.53404459,6,3.539627567,36,0.98775188,0.259326611,9.9158,1
TCGA-DD-AAW1,C4,NA,0.064621443,0.17,0.01,-1.7381,-0.335,-0.9931,-1.4066,1.1007,-0.9641,59,7,NA,NA,36,0.196435123,3,5,NA,NA,NA,0.693147181,2,1,1.045223779,0.5714,0
TCGA-ED-A7PZ,C4,LIHC.iCluster:3,0.055138151,0.15,0.26,-0.337,0.0785,-1.2389,-1.4498,-1.2817,-1.0976,86,7,1.530310023,5.845282546,187,0.846310603,17,25,NA,NA,NA,NA,0,NA,5.036493828,0.7582,0
TCGA-EP-A26S,C4,LIHC.iCluster:3,0.050615797,0.02,0,-1.3016,-0.248,-0.8714,-1.2881,-0.374,-1.0429,51,65,0.877267772,2.193169429,97,0.08447616,3,5,NA,NA,NA,0.693147181,2,1,1.538424489,1.0809,0
TCGA-EP-A2KC,C4,LIHC.iCluster:3,0.111735664,0.23,0.5,-0.6617,-0.207,-0.6019,-0.5009,0.7213,-0.7311,42,59,0.833919981,2.084799953,84,0.511203646,9,5,NA,0,1,1.386294361,4,1,1.86987415,2.242,0
TCGA-ES-A2HT,C4,LIHC.iCluster:1,0.249412506,0.78,0.1,-1.901,-0.152,-0.44,-0.1256,1.7292,-0.5667,44,NA,0.574821106,1.672206854,81,0.14887616,33,3,0.903468392,3.355094982,41,0,1,NA,0.716874708,2.1902,0
TCGA-G3-A25Y,C2,LIHC.iCluster:1,0.186519643,0.28,0.11,0.0962,0.087,0.0386,0.0567,0.6837,-0.1887,57,1,0.329610294,2.03259681,128,0.302606967,3,32,NA,NA,NA,2.523210953,13,0.983727396,0.888238324,7.6233,1
TCGA-G3-A5SK,C4,LIHC.,0.250900941,NA,NA,-1.9727,-0.349,-0.0666,0.1681,1.3292,-1.0397,41,5,NA,NA,NA,NA,NA,NA,NA,NA,NA,NA,0,NA,0.924663234,11.6755,1
TCGA-G3-A7M6,C3,LIHC.iCluster:3,0.198153289,0.28,0.07,-0.181,-0.103,-0.3452,0.3117,-0.3529,-0.0738,48,12,0.622237622,2.100051972,124,0.277581559,8,21,0.891767841,1.435244973,5,2.302585093,10,1,4.770797158,9.3876,1
TCGA-G3-AAV5,C4,NA,0.11715761,0.18,0,-0.6773,0.0445,-0.8239,-0.7334,-1.6708,-1.1305,47,1,0.554540064,1.735951505,80,0.940868885,11,7,NA,NA,NA,1.386294361,4,1,1.373914371,1.8563,0
TCGA-G3-AAV6,C1,NA,0.119156904,0.23,0.22,0.4608,0.214,-0.9836,-0.5169,-1.9986,-0.6282,30,18,0.849488522,1.383452735,104,0.778334353,20,29,NA,NA,NA,0.693147181,2,1,2.680829812,4.2481,1
TCGA-MR-A520,C4,LIHC.iCluster:2,0.242350602,0.06,0,-1.8559,-0.3975,-0.7089,-0.7019,-1.219,-1.0323,12,NA,0.264080613,0.369712859,51,9.55352E-06,0,0,NA,NA,NA,1.098612289,3,1,0.826079258,3.407,1
TCGA-UB-A7ME,C3,LIHC.iCluster:1,0.262677735,0.51,0.34,-0.3046,-0.1205,0.1469,1.5164,0.3861,-0.3338,40,10,0.641732132,1.875832385,143,0.659514773,22,36,0.93140345,3.034602355,26,2.982965029,21,0.979780931,1.38415543,9.0879,1
TCGA-UB-A7MF,C2,LIHC.iCluster:1,0.216785348,0.37,0.09,0.0218,-0.0035,0.4538,1.0154,1.1469,-0.9569,NA,NA,0.577711721,2.335964785,109,0.795925356,11,29,0.906662937,1.992142088,9,2.882937427,20,0.962348155,0.428388582,8.2814,1
TCGA-XR-A8TD,C2,NA,0.366967641,0.55,0.02,0.1727,0.086,0.7748,1.3673,0.1928,-0.1075,28,3,0.410857325,1.208403898,387,0.239283252,7,29,0.799224859,3.298508399,62,3.282693997,27,0.996012282,3.612429263,4.4076,1
TCGA-ZP-A9CV,C4,NA,0.280456202,0.35,0.02,-1.0854,-0.3285,-0.0051,0.2437,1.9382,-0.6402,38,8,0.798795301,2.347974065,62,0.153011252,3,5,NA,0,1,1.906154747,7,0.979569765,1.16989053,13.176,1
TCGA-ZP-A9D1,C3,NA,0.260476754,0.53,0.25,-1.339,-0.199,-0.2441,0.168,-0.083,-0.3833,75,NA,1.02063865,2.794605828,56,0.551938644,15,14,NA,NA,NA,2.871476118,18,0.993462557,1.849006617,12.1708,1
TCGA-ZP-A9D4,C4,NA,0.065160613,0.13,0.03,-0.9561,-0.3225,-0.9614,-1.8509,-0.1652,-1.1372,39,124,0.485145229,1.479692949,201,0.141389666,5,8,NA,NA,NA,NA,0,NA,1.113792781,0.5297,0
TCGA-ZS-A9CE,C4,NA,0.056206378,0.23,0,-0.9939,-0.202,-1.6019,-2.0928,0.3442,-1.2381,21,19,0.772338149,2.582505687,118,0.773321833,13,17,NA,NA,NA,NA,0,NA,2.041709942,0.4979,0
TCGA-2Y-A9GU,C3,NA,0.073854829,0.24,0.05,-0.46,-0.255,-0.9279,-0.8194,-0.5709,-1.0063,59,53,0.97786464,3.275846545,120,0.317505909,10,17,NA,NA,NA,1.386294361,4,1,1.031207748,1.3322,0
TCGA-2Y-A9HB,C4,NA,0.257983414,0.31,0.09,-1.1081,-0.2505,-0.0521,0.5781,1.6508,-0.6879,34,1,0.682978536,1.512309615,78,0.158512707,5,6,0.929286863,1.932397706,8,2.813355405,17,0.992991019,1.129425241,4.5646,1
TCGA-4R-AA8I,C4,NA,0.124698194,0.15,0.02,-0.344,-0.056,-0.3007,-0.762,0.9754,-0.7621,460,1081,7.336650028,24.63190042,164,0.181902114,1,16,NA,NA,NA,0,1,NA,5.196854549,3.44,1
TCGA-BC-A10Q,NA,NA,0.081907207,0.28,0.05,NA,NA,NA,NA,NA,NA,12,1,0.394075708,0.788151415,100,0.624196332,18,15,NA,NA,NA,NA,NA,NA,NA,1.6456,0
TCGA-BC-A10X,C3,LIHC.iCluster:1,0.301601957,0.5,0,-1.4815,-0.24,0.1419,0.1111,0.328,-0.1007,1,NA,0.074637023,0.024879008,67,8.48867E-05,0,0,NA,NA,NA,1.609437912,5,1,0.848925773,4.5464,1
TCGA-BC-A10Z,C4,LIHC.iCluster:3,0.022336717,0.05,0,-0.24,-0.1135,-1.7589,-2.279,-0.7398,-1.26,58,252,1.142256613,4.188274249,786,0.201206881,2,19,NA,NA,NA,NA,0,NA,3.524981579,0.1732,0
TCGA-BC-A5W4,C4,LIHC.iCluster:3,0.03030622,0.07,0.01,-1.1808,-0.0925,-1.5993,-1.8375,-0.148,-1.1914,30,8,0.479257024,1.624148803,249,0.944510971,13,30,NA,NA,NA,NA,0,NA,1.171903764,0.8764,0
TCGA-CC-5258,C4,LIHC.iCluster:1,0.268179985,0.46,0.03,0.3472,0.0455,-0.0917,-0.2164,-0.7361,-0.3661,75,264,0.666410526,3.152634411,191,0.445875657,9,26,NA,NA,NA,3.24449263,26,0.995824584,0.982148489,3.1321,1
TCGA-CC-A7IE,C2,NA,0.370068056,0.57,0.08,0.2566,0.099,0.1646,1.2533,-0.8884,-0.3328,79,98,NA,NA,146,0.855115209,17,28,0.684626932,0.474547228,2,3.299829686,28,0.990284262,1.55542874,3.2772,1
TCGA-CC-A8HS,C3,NA,0.089230304,NA,NA,0.4488,0.0105,-1.0815,-0.6704,-0.9164,-0.7223,18,5,0.243950134,1.097775604,NA,NA,NA,NA,NA,NA,NA,0.693147181,2,1,1.764219677,3.1298,1
TCGA-CC-A9FU,C1,NA,0.088722881,0.14,0.14,0.2747,0.121,-1.0038,-0.1947,-0.6336,-0.9988,27,52,NA,NA,161,0.920025443,16,31,0.891184533,2.214510373,12,1.791759469,6,1,NA,4.6078,1
TCGA-DD-A11A,C4,LIHC.iCluster:2,0.076401539,0.2,0.21,-0.4288,-0.111,-1.0209,-1.9484,-0.7508,-0.8218,71,30,1.054433109,3.109225833,386,0.931801192,13,46,NA,NA,NA,NA,0,NA,3.704801488,0.8165,0
TCGA-DD-A1EH,C3,LIHC.iCluster:1,0.069814453,0.13,0.28,-0.3964,-0.2125,-0.6549,-0.3758,-0.8628,-0.3307,17,5,0.291903419,0.955320281,53,0.46399297,6,9,0.93763162,2.158976591,10,2.685945325,15,0.991837346,1.016812433,4.78,1
TCGA-DD-A3A5,C4,LIHC.iCluster:3,0.066761534,0.13,0.1,-0.4135,-0.1565,-1.0469,-0.8452,0.152,-0.7959,23,4,0.463548264,1.545160881,437,0.220138922,4,17,NA,NA,NA,0.693147181,2,1,3.5945011,1.7016,0
TCGA-DD-A3A7,C3,LIHC.iCluster:2,0.073627978,0.18,0.06,-0.6472,-0.1545,-1.2814,-0.7916,-0.9514,-1.0857,40,34,0.881590587,2.929992243,239,0.94638928,26,32,NA,NA,NA,NA,0,NA,1.26666082,2.9016,0
TCGA-DD-A4NI,C3,LIHC.iCluster:2,0.263852131,0.34,0.3,-1.5742,-0.2435,0.0953,0.8826,0.0721,-0.6767,57,27,1.183361136,3.738345406,59,0.655262355,4,8,0.729477562,0.801413014,3,2.770973881,17,0.9780322,1.084725719,2.6734,0
TCGA-DD-A4NL,C3,LIHC.iCluster:1,0.309514429,0.5,0,-1.8857,-0.349,-0.3642,-0.3539,-0.3607,-0.5082,14,17,0.23604084,0.681895759,53,2.06329E-05,0,0,NA,NA,NA,1.560710409,5,0.9697239,0.754385705,4.4871,1
TCGA-DD-A73G,C4,LIHC.iCluster:1,0.182789384,0.42,0.12,-0.915,-0.0345,-0.5137,-0.6606,-1.1438,-0.7828,53,2,0.964070929,2.410177321,640,0.852126266,16,29,NA,NA,NA,NA,0,NA,0.478731417,1.8389,0
TCGA-DD-AACA,C3,NA,0.027324865,0.12,0.04,-0.1155,-0.149,-0.9652,-0.7829,-0.6249,-0.7445,26,NA,NA,NA,148,0.166047475,4,19,0.550014596,0.381241066,2,1.098612289,3,1,1.825668453,1.3478,0
TCGA-DD-AACI,C3,NA,0.286855981,0.5,0.15,-1.3114,-0.168,0.421,1.1781,0.5141,-0.6726,180,297,2.717582262,7.743906976,288,0.912972618,20,25,NA,NA,NA,1.676987774,6,0.935944697,1.130884396,23.1254,1
TCGA-DD-AACV,C4,NA,0.027404914,0.01,0.05,0.6859,0.017,-1.5937,-1.8712,-0.4236,-1.2702,42,91,0.552450663,2.305881027,269,0.928686653,8,25,NA,NA,NA,0,1,NA,4.3516642,1.0981,0
TCGA-DD-AADA,C3,NA,0.165125761,0.42,0.04,-1.3293,-0.347,-0.2458,0.9584,-0.565,-0.5197,62,4,NA,NA,133,0.245465581,8,18,0.972123987,0.673825,2,2.48490665,12,1,1.155295034,10.9249,1
TCGA-DD-AADS,C4,NA,0.245954483,0.32,0,-1.8016,-0.1945,-0.1468,0.8828,1.1295,-1.3762,71,27,0.910502057,3.186757198,102,0.087955199,4,0,NA,NA,NA,1.427061043,5,0.88668288,0.759753967,5.592,1
TCGA-DD-AADY,C3,NA,0.040435868,0.08,0.02,-0.5862,-0.301,-1.1816,-1.5378,-0.9586,-0.8316,21,0,0.247062068,1.161191718,175,0.94630988,8,30,NA,NA,NA,0,1,NA,0.483937233,1.265,0
TCGA-DD-AAEE,C4,NA,0.067295016,0.13,0.11,-0.3948,-0.0075,-0.9987,-1.0831,-0.3259,-0.9039,39,21,0.731553281,1.731342764,172,0.403343652,6,32,NA,NA,NA,0.693147181,2,1,2.183695105,1.0506,0
TCGA-DD-AAVS,C3,NA,0.106668208,0.2,0.04,-0.3018,-0.1345,-0.4814,0.0764,-0.8676,-0.4891,15,24,0.267909396,1.169059183,90,0.345224467,7,20,NA,NA,NA,1.945910149,7,1,0.474640633,4.8802,1
TCGA-DD-AAVU,C4,NA,0.055845199,0.09,0.04,-0.6585,0.0175,-0.9749,-1.7964,-1.3099,-1.2066,24,55,0.535346821,1.314033107,153,0.916926684,29,16,NA,NA,NA,NA,0,NA,1.018386053,1.5139,0
TCGA-ED-A66X,C3,LIHC.iCluster:1,0.357190988,0.55,0.07,-0.1025,-0.1355,0.3548,0.1238,-0.1699,0.0292,20,0,0.40096442,1.052531602,83,0.526991573,20,12,0.94337656,2.726708966,18,2.079441542,8,1,0.889349714,3.8528,1
TCGA-ED-A8O5,C3,NA,0.064184562,0.19,0,-0.4354,-0.1905,-1.0229,-0.3861,-0.7547,-0.652,31,0,NA,NA,110,0.257510208,8,14,NA,NA,NA,1.560710409,5,0.9697239,0.753780552,4.8602,1
TCGA-G3-A5SL,C3,LIHC.iCluster:2,0.100397115,0.23,0.18,-1.0647,-0.2265,-0.8663,-1.2468,-0.847,-0.788,59,45,0.657483395,3.342207259,100,0.378621624,6,7,NA,NA,NA,1.098612289,3,1,1.158982883,1.8699,0
TCGA-G3-A7M8,C4,LIHC.iCluster:2,0.16664384,0.25,0,-1.6273,-0.2885,-0.3746,-1.5211,-0.2485,-0.8761,10,0,0.200392403,0.551079109,55,3.05927E-05,0,0,NA,NA,NA,NA,0,NA,0.690477419,0.7301,0
TCGA-LG-A6GG,C3,LIHC.iCluster:3,0.084052089,0.16,0.05,-0.7377,-0.22,-1.0618,-1.8018,-0.7267,-0.8612,58,0,1.375481323,4.298379135,209,0.931309487,15,16,NA,NA,NA,0,1,NA,3.744184358,1.4483,0
TCGA-LG-A9QD,C4,NA,0.337121356,0.43,0.07,-2.0115,-0.165,-0.6159,0.0921,1.5813,-0.8399,29,96,0.894421323,2.29648718,80,0.099519949,3,7,NA,NA,NA,1.945910149,7,1,0.735483742,2.5729,0
TCGA-MI-A75H,C4,LIHC.iCluster:3,0.217148504,0.29,0,-1.0402,-0.1215,-0.126,0.1909,0.1779,-0.9527,74,87,1.007616015,2.896896044,63,0.15879958,5,9,NA,NA,NA,1.33217904,4,0.960964047,1.070384867,4.8747,1
TCGA-RC-A6M5,C3,LIHC.iCluster:1,0.199524861,0.75,0.13,-2.0012,-0.17,-0.5334,-0.4494,-0.7861,-0.0475,14,45,0.099851606,0.524220929,65,0.097886502,12,7,0.89754094,1.746534024,7,1.560710409,5,0.9697239,0.221115222,5.6015,1
TCGA-RC-A7S9,C4,LIHC.iCluster:1,0.12524287,0.14,0.02,0.2239,0.029,-0.532,0.0527,0.0431,-1.1996,32,5,0.335006554,1.340026215,116,0.164602659,5,19,0.98484212,1.081959656,3,1.039720771,3,0.94639463,0.41730917,3.3713,1
TCGA-UB-A7MA,NA,NA,0.09937592,0.27,0.03,NA,NA,NA,NA,NA,NA,31,14,0.954892652,1.754937847,235,0.504427017,13,42,NA,NA,NA,NA,NA,NA,NA,4.5336,1
TCGA-UB-A7MB,C4,LIHC.iCluster:2,0.052521338,0.07,0.17,0.4057,0.028,-1.3992,-2.0004,-1.1054,-1.1638,683,233,11.05040503,33.2286712,239,0.663267486,4,29,NA,NA,NA,0,1,NA,1.082875488,1.9481,0
TCGA-WX-AA46,C3,NA,0.10547751,0.39,0.04,-2.1035,-0.2355,-0.3785,-0.8651,-0.3324,-0.7227,25,32,0.286475718,1.169775847,75,0.054333669,2,5,NA,NA,NA,0.693147181,2,1,0.748254583,2.5429,0
TCGA-XR-A8TG,C3,NA,0.118833471,0.21,0.11,0.2323,-0.0575,-0.486,-0.877,-0.2974,-0.2277,28,48,0.585156325,1.877376542,794,0.232144823,5,20,NA,NA,NA,1.098612289,3,1,2.014879901,3.1782,1
TCGA-YA-A8S7,C4,NA,0.42970562,0.64,0.16,0.2909,0.1115,1.0811,-0.0674,0.1895,0.1964,33,7,0.606957962,1.553812383,99,0.498175048,19,19,NA,0,1,2.302585093,10,1,1.837259364,2.5156,0
TCGA-ZS-A9CG,C3,NA,0.133980474,0.25,0.08,-2.0131,-0.282,-0.6878,-0.9443,-0.4871,-0.8556,28,49,NA,NA,57,0.235737127,5,6,NA,NA,NA,1.098612289,3,1,1.075059622,1.5033,0
TCGA-2V-A95S,C2,NA,0.459096683,0.56,0.07,-0.0798,0.0625,0.6385,1.8318,1.5328,-0.6229,36,85,NA,NA,84,0.245784405,4,14,0.891190466,3.587355048,56,3.315039415,31,0.96536161,NA,17.4383,1
TCGA-2Y-A9GZ,C3,NA,0.06679789,0.22,0.15,-0.8628,-0.329,-1.0809,-0.7984,-0.5768,-1.0014,39,38,0.703087897,1.988041639,353,0.890420828,13,22,0.829653989,0.911468068,3,NA,0,NA,3.957740143,0.5974,0
TCGA-5R-AA1D,C3,NA,0.236969027,0.65,0.14,-1.4758,-0.1045,0.3015,0.233,-0.3916,0.1579,8,NA,0.146059643,0.267776012,45,0.109028563,4,1,1,0.693147181,2,2.271868513,10,0.986659959,0.651140546,7.978,1
TCGA-BC-4073,C2,LIHC.iCluster:3,0.434792805,0.45,0,0.2919,0.092,0.9068,1.223,-0.1331,-0.0255,35,20,1.234773048,3.073796737,617,0.074757118,1,12,0.892045531,4.549313056,164,4.097187614,62,0.992743931,5.116809194,7.0247,1
TCGA-BC-A110,C3,LIHC.iCluster:1,0.330773768,0.33,0,-2.1625,-0.117,0.5443,0.6416,0.062,0.0249,NA,NA,0,0,111,4.17205E-05,0,0,NA,NA,NA,1.791759469,6,1,2.816663302,7.1376,1
TCGA-BC-A217,C2,LIHC.iCluster:3,0.080023226,0.08,0.27,0.3042,0.072,-0.2665,0.2111,0.3903,-1.0167,45,10,0.808186439,2.320277194,574,0.79188261,21,34,0.466811644,0.970707524,8,1.791759469,6,1,4.254714142,9.672,1
TCGA-BC-A8YO,C4,NA,0.105646645,0.14,0.01,0.5726,0.022,0.3466,0.5203,0.0967,-0.8015,22,90,NA,NA,506,0.146138485,2,19,0.869315158,2.229749355,13,3.476131241,33,0.994172379,2.204916882,4.4682,1
TCGA-CC-5260,C3,LIHC.iCluster:1,0.235585316,0.39,0.1,-0.0936,-0.1475,0.0961,-0.3008,-0.0268,0.2028,31,9,0.306861453,1.304161174,164,0.317378982,5,17,NA,NA,NA,2.45831133,12,0.989297256,2.10814455,5.5231,1
TCGA-CC-A3MB,C4,LIHC.iCluster:2,0.08508951,0.41,0.19,0.4256,0.0725,-0.7978,-0.7398,-1.2916,-0.7316,42,39,0.609058151,1.800693664,157,0.573792051,18,27,NA,NA,NA,1.609437912,5,1,0.809002304,1.7348,0
TCGA-CC-A5UE,C4,LIHC.iCluster:3,0.146059648,0.34,0.51,0.3765,0.126,-0.7453,-1.1105,-0.647,-0.953,65,112,0.837730586,3.242828074,85,0.791883927,20,34,NA,NA,NA,1.098612289,3,1,3.723518721,4.3357,1
TCGA-CC-A7IF,C4,LIHC.iCluster:1,0.062309352,0.24,0.1,-0.0649,-0.135,-1.1812,-1.2492,-0.271,-0.8293,50,24,0.809127438,2.792794705,122,0.333608632,11,23,NA,NA,NA,0,1,NA,0.909085541,1.4422,0
TCGA-DD-A119,C4,LIHC.iCluster:1,0.150356623,0.25,0.51,-1.1693,-0.032,-0.5802,-0.457,0.2864,-0.6732,35,1,0.48727793,1.53877241,97,0.41681225,5,17,NA,NA,NA,1.33217904,4,0.960964047,0.711570906,4.093,1
TCGA-DD-A11B,C3,LIHC.iCluster:2,0.085500377,0.1,0.02,-0.9523,-0.2965,-1.0469,-1.3479,-0.6659,-1.0369,20,29,0.411576685,1.080388798,78,0.91141736,9,7,NA,NA,NA,1.386294361,4,1,0.782270983,1.4032,0
TCGA-DD-A1EA,C3,LIHC.iCluster:3,0.180670126,NA,NA,-0.6477,-0.3755,-0.0663,0.2696,0.0814,-0.9446,NA,NA,0,0,79,0.124734683,5,3,0.826305903,3.107901857,43,2.708050201,15,1,1.595668994,1.8865,0
TCGA-DD-A1ED,C3,LIHC.iCluster:1,0.327251538,0.64,0,-2.3556,-0.314,0.2434,0.3297,-0.229,-0.5515,8,99,0.186919052,0.587459879,41,3.54439E-05,0,0,NA,NA,NA,1.69878299,7,0.873001762,1.410412607,11.0549,1
TCGA-DD-A1EK,C3,LIHC.iCluster:3,0.173197562,0.19,0.02,-0.8703,-0.2305,0.0599,-0.7666,-0.6338,-0.4073,36,0,0.46530655,1.499321105,451,0.175893672,5,15,NA,NA,NA,1.791759469,6,1,4.040711223,2.2321,0
TCGA-DD-A4NO,C3,LIHC.iCluster:2,0.194926043,0.39,0.17,-1.3774,-0.2335,-0.5707,-1.0653,-0.6076,-0.5158,25,3,0.311281091,1.271064456,117,0.792238222,16,11,NA,NA,NA,1.098612289,3,1,0.692076134,4.9622,1
TCGA-DD-A4NR,C2,LIHC.iCluster:1,0.54601249,0.65,0,0.1173,0.0385,1.0475,1.3123,0.6367,-0.1779,29,107,0.429225619,1.136185462,71,0.187091196,7,14,0.987587835,1.369087447,4,3.201249638,32,0.923685396,3.151227682,17.1181,1
TCGA-DD-A73D,C4,LIHC.iCluster:3,0.030079712,0.02,0,-1.3053,-0.307,-1.8592,-2.2401,-1.7799,-1.7986,44,15,0.41259702,1.676175395,128,0.946951756,9,10,NA,NA,NA,NA,0,NA,0.736727628,0.3063,0
TCGA-DD-A73F,C2,LIHC.iCluster:3,0.305882591,0.32,0.07,0.0255,-0.082,0.5922,1.1465,0.5227,-0.7233,34,0,0.742404313,1.583795868,543,0.180820917,1,20,0.862104095,2.142248199,12,3.23823154,27,0.982521791,3.208107048,10.8208,1
TCGA-DD-AACD,C4,NA,0.218553154,0.3,0.13,-0.9505,0.003,-0.075,-0.1192,1.0624,-0.8141,49,52,0.650689994,1.879771094,303,0.227483714,7,13,NA,NA,NA,0.636514168,2,0.918295834,1.247627694,6.0236,1
TCGA-DD-AACP,C1,NA,0.11643924,0.16,0.15,0.6069,0.258,-1.0133,-0.1114,-1.5705,-0.7559,92,15,1.454017144,3.950079908,119,0.76186438,18,10,0.646322531,0.44799664,2,2.271868513,10,0.986659959,5.470918676,2.795,0
TCGA-DD-AACT,C3,NA,0.245672256,0.46,0.12,-0.8846,-0.306,-0.2009,0.5121,0.0322,-0.6559,51,48,NA,NA,122,0.923036369,12,8,NA,NA,NA,1.791759469,6,1,1.136716944,4.2888,1
TCGA-DD-AACY,C4,NA,0.081876392,0.15,0.03,-1.7631,-0.292,-0.6713,-0.6887,0.412,-0.6881,31,16,0.657202448,1.849903188,160,0.282726672,5,22,NA,NA,NA,0.693147181,2,1,0.885670464,4.9792,1
TCGA-DD-AAD0,C4,NA,0.038163299,0.03,0,-0.2205,-0.21,-1.3899,-1.5547,0.5732,-1.4185,57,24,0.610229949,2.416510596,143,0.166355609,4,23,NA,NA,NA,1.609437912,5,1,1.104762718,1.0218,0
TCGA-DD-AAD6,C4,NA,0.073616001,0.09,0.08,0.0104,-0.0015,-1.0629,-1.6824,-1.6454,-1.3262,53,3,NA,NA,140,0.292250766,8,15,NA,NA,NA,0.693147181,2,1,0.86262,1.8966,0
TCGA-DD-AADK,C3,NA,0.418960585,0.59,0.04,-0.5066,0.0005,0.016,1.0861,-0.1553,-0.3543,34,139,NA,NA,86,0.312155772,7,17,0.72691607,1.007719648,4,2.540036304,13,0.990287117,1.475330127,4.2532,1
TCGA-DD-AAE7,C3,NA,0.252798532,0.36,0.04,-1.5874,-0.2245,-0.1313,0.6111,-0.6992,-0.5573,122,166,1.741449886,5.393657286,84,0.047470074,2,8,0.96036227,0.6656724,2,1.609437912,5,1,0.819075087,8.3605,1
TCGA-DD-AAEK,C3,NA,0.359424704,0.56,0.08,-0.5684,-0.357,0.4005,1.4476,0.0674,-0.4794,32,1,0.633933216,1.804271462,120,0.59751123,14,29,0.846945314,2.399576765,17,3.286462961,28,0.986272887,1.214055724,7.5944,1
TCGA-DD-AAVV,C3,NA,0.332956219,0.66,0.25,-0.6721,-0.086,0.4069,0.9171,-0.2563,-0.1675,56,36,0.751106986,2.834823142,163,0.722307972,17,29,0.883076794,1.22420438,4,2.397895273,11,1,1.030071817,8.5507,1
TCGA-DD-AAVW,C3,NA,0.258731577,0.43,0.04,-0.5945,-0.261,0.1811,0.7211,-0.3274,-0.0502,18,1,0.253403359,0.810890749,182,0.35499112,8,29,NA,NA,NA,2.708050201,15,1,2.291516681,13.9633,1
TCGA-ED-A459,C4,LIHC.iCluster:2,0.249700744,0.48,0.34,0.0836,0.0135,-0.226,-1.5174,0.0296,-0.5139,126,179,1.759430663,5.630178123,348,0.882000088,14,42,NA,NA,NA,0.693147181,2,1,1.405517021,1.3648,0
TCGA-ED-A7XO,C2,LIHC.,0.232150785,0.55,0.32,0.0889,0.0405,-0.1187,0.3665,-0.1605,-0.4109,36,36,0.356995433,1.376982383,203,0.530831931,5,25,NA,NA,NA,1.791759469,6,1,2.050811733,7.9017,1
TCGA-ED-A8O6,C3,NA,0.1481229,0.3,0.33,-0.0656,-0.108,-0.547,-0.3861,-0.7508,-0.5581,30,87,0.549863222,1.449639402,129,0.589619068,24,23,NA,0,1,1.906154747,7,0.979569765,0.967732395,1.5008,0
TCGA-EP-A2KA,C2,LIHC.iCluster:2,0.289912927,0.38,0.06,0.0296,0.0075,0.1994,1.0032,0.2808,-0.6386,41,123,0.907402551,2.56665293,1020,0.68986212,5,14,0.830955958,2.853492127,31,3.321477718,31,0.967236487,1.085873813,9.4447,1
TCGA-EP-A2KB,C3,LIHC.iCluster:2,0.039101123,0.09,0.35,-0.1502,-0.2145,-0.952,-0.9659,-0.7266,-0.98,33,5,0.588461333,1.893310374,58,0.642665892,7,5,NA,NA,NA,1.609437912,5,1,0.854650992,1.5732,0
TCGA-G3-A25V,C3,LIHC.iCluster:2,0.45953025,0.73,0.11,-1.3398,-0.0935,0.2539,0.5573,0.2005,-0.261,33,47,0.360535136,1.580807905,45,0.027641482,0,1,NA,NA,NA,2.397895273,11,1,2.937659063,6.424,1
TCGA-G3-A5SI,C4,LIHC.iCluster:2,0.020804363,0.07,0.07,0.402,0.0795,-1.5318,-2.0151,-1.0222,-1.1925,18,6,0.29998851,0.899965531,105,0.320955831,4,32,NA,NA,NA,NA,0,NA,0.402644341,0.5637,0
TCGA-G3-A7M5,C4,LIHC.iCluster:3,0.157919401,0.3,0,-1.5891,-0.2115,-0.8317,-0.8075,-0.2206,-1.3222,94,297,1.366542925,4.074322423,95,0.95231933,16,6,NA,NA,NA,NA,0,NA,3.425515038,3.1771,1
TCGA-HP-A5MZ,C3,LIHC.iCluster:1,0.416932998,0.06,0.21,-0.9326,-0.145,0.5714,0.9144,0.5078,-0.1014,18,22,0.345970528,1.170977171,43,0.155189954,5,2,0.964758949,0.668719946,2,3.122424598,24,0.982495818,0.973319966,12.2264,1
TCGA-HP-A5N0,C3,LIHC.iCluster:2,0.150010146,0.36,0.01,-2.0113,-0.3225,-0.2893,-0.248,-0.228,-0.3024,86,159,0.939469951,3.235952054,89,0.201970664,4,19,NA,NA,NA,0,1,NA,0.988282332,3.7321,1
TCGA-KR-A7K0,C4,LIHC.iCluster:2,0.249335651,0.2,0,-0.9945,-0.1445,-0.313,-0.5937,0.3779,-0.4648,41,130,0.897890877,1.84566458,54,0.040319225,2,4,0.893439955,0.619285386,2,NA,0,NA,1.331042633,2.184,0
TCGA-MI-A75I,C4,LIHC.iCluster:3,0.238034639,0.31,0.14,-0.1946,-0.004,-0.6451,-0.7911,-0.3783,-0.6687,69,14,1.118594829,3.980116483,99,0.37067283,10,13,NA,NA,NA,1.560710409,5,0.9697239,3.99190686,1.7983,0
TCGA-RC-A6M3,C1,LIHC.iCluster:1,0.310795307,0.46,0.2,0.3314,0.276,-0.6226,-0.4658,-0.9854,-0.4449,31,3,0.540842494,1.802808312,251,0.63121644,20,24,NA,NA,NA,1.386294361,4,1,NA,1.4957,0
TCGA-ZS-A9CF,C4,NA,0.05789579,0.07,0.25,0.203,-0.12,-0.4471,-0.578,-0.0231,-0.8328,44,NA,0.315273719,0.982198894,863,0.85047738,5,38,NA,NA,NA,1.098612289,3,1,2.07661762,5.4074,1
TCGA-2Y-A9GW,C3,NA,0.36114124,0.52,0.11,-0.7124,-0.144,0.6224,0.4304,0.0718,-0.2207,42,74,NA,NA,81,0.776233756,5,12,NA,NA,NA,2.815204927,18,0.973994061,1.197767759,5.5999,1
TCGA-2Y-A9H2,C3,NA,0.219037601,0.46,0.14,-0.1801,-0.158,-0.1344,-0.1959,0.371,-0.3454,22,5,0.390629912,1.196304104,142,0.80131409,22,34,NA,NA,NA,1.33217904,4,0.960964047,1.538601674,2.212,0
TCGA-2Y-A9H7,C3,NA,0.144505352,0.15,0.05,-0.4166,-0.121,-0.6219,-0.2004,-0.8991,-1.18,44,61,0.416605268,1.764445843,101,0.160754987,5,10,NA,NA,NA,2.615630577,14,0.99112306,1.310943063,6.7855,1
TCGA-5C-AAPD,C2,NA,0.349473911,0.42,0.1,0.1495,0.1335,0.656,1.5251,0.1964,-0.3519,27,1,0.482805241,1.448415724,146,0.816782584,12,28,0.895329671,4.971729477,258,3.01494688,21,0.99028565,4.413602347,3.3399,1
TCGA-BC-A69I,C3,LIHC.iCluster:2,0.097681348,0.21,0,-1.6773,-0.2,-0.5804,-0.6528,-0.4576,-0.5512,NA,NA,0,0,89,0.185121979,5,7,NA,NA,NA,0.693147181,2,1,0.999231314,2.7477,0
TCGA-BW-A5NO,C4,LIHC.iCluster:3,0.126662267,0.29,0.55,-0.5409,-0.1495,-0.2647,0.1404,0.3126,-0.7988,52,16,1.05496663,3.428641546,469,0.671669915,17,25,0.908934062,1.768704016,7,0.693147181,2,1,3.982604753,6.1302,1
TCGA-BW-A5NQ,C2,LIHC.iCluster:3,0.373025868,0.63,0.01,0.701,0.3385,0.3662,1.3426,0.2133,-0.8604,42,53,0.824635604,2.391443251,57,0.880727287,29,3,0.768768121,2.854875821,41,2.913089005,27,0.883869294,NA,7.2848,1
TCGA-CC-5259,C3,LIHC.,0.134281013,NA,NA,-0.5392,-0.0455,-0.8907,-0.2484,-0.6786,-0.9698,62,7,0.946250104,3.375811183,NA,NA,NA,NA,NA,NA,NA,0,1,NA,1.687597852,3.3887,1
TCGA-CC-A3M9,C2,LIHC.iCluster:1,0.964200124,0.7,0.44,0.9553,0.441,1.5242,1.7616,0.2705,0.3919,56,48,1.137910336,3.025807031,188,0.598569729,21,37,NA,NA,NA,3.268608548,52,0.827235367,3.602366015,5.3655,1
TCGA-CC-A3MA,C1,LIHC.iCluster:1,0.097922812,0.19,0.08,0.4227,0.0555,-0.5343,-0.9041,-0.8963,0.0726,23,53,0.338356443,1.015069329,167,0.891430677,6,35,NA,NA,NA,NA,0,NA,1.204244069,1.5487,0
TCGA-CC-A7IG,C1,LIHC.iCluster:1,0.135696823,0.41,0.44,0.3742,0.216,-0.5813,-0.988,-1.0409,-0.3128,66,10,0.984919941,3.182049041,143,0.749752041,17,63,NA,NA,NA,NA,0,NA,0.848094794,1.3807,0
TCGA-CC-A9FW,C3,NA,0.22495821,0.31,0.01,-0.4437,-0.0715,-0.6799,0.1737,-1.3428,-0.8518,78,58,0.924172273,3.18596231,129,0.709235875,21,21,0.949804855,2.796642438,19,2.163955657,9,0.984858662,4.015373347,3.2728,1
TCGA-DD-A1EB,C4,LIHC.iCluster:2,0.099418239,0.18,0.01,-1.5302,-0.357,-0.9033,-0.8598,0.226,-0.8759,91,78,1.266384142,3.983833446,394,0.111754884,3,22,NA,NA,NA,1.609437912,5,1,0.90801145,0.8047,0
TCGA-DD-A39X,C3,LIHC.iCluster:1,0.197155607,0.4,0.51,-1.0548,-0.1395,-0.3501,-0.2682,-0.3835,-0.6334,36,0,0.365149181,1.617089232,104,0.612417565,1,16,NA,NA,NA,0.693147181,2,1,0.866549068,6.0898,1
TCGA-DD-A4NE,C4,LIHC.,0.033590723,NA,NA,0.5037,-0.0525,-1.108,-1.9379,-0.8948,-0.5676,24,7,0.52368463,1.378117446,NA,NA,NA,NA,NA,NA,NA,NA,0,NA,0.359997461,0.529,0
TCGA-DD-A4NH,C3,LIHC.iCluster:1,0.541362086,0.66,0.03,-0.0513,-0.1095,0.0252,-0.5196,-0.9748,-0.2404,19,24,0.297011821,1.242049432,72,0.374766062,9,23,NA,NA,NA,1.098612289,3,1,1.215642445,3.0237,0
TCGA-DD-AAC8,C4,NA,0.096484185,0.19,0.02,-1.2723,-0.043,-0.3472,-1.1843,-1.1696,-0.8636,298,24,3.123474866,12.10346511,120,0.463744462,14,11,NA,NA,NA,0,1,NA,1.917933749,1.2334,0
TCGA-DD-AACN,C3,NA,0.08719714,0.4,0,-1.2702,-0.281,-0.326,0.2158,-0.6551,-0.2283,22,75,0.218175106,0.993908818,133,0.540430301,12,20,0.822081337,2.612618743,24,2.197224577,9,1,0.702085281,4.3726,1
TCGA-DD-AACQ,C4,NA,0.061853895,0.06,0,-0.7781,-0.301,-1.8811,-1.8131,-0.7497,-1.2596,98,242,1.345108758,4.720108914,133,0.175150339,4,26,NA,NA,NA,NA,0,NA,0.761155987,0.3701,0
TCGA-DD-AACS,C4,NA,0.033267787,0.07,0.04,-0.0257,-0.1795,-1.4995,-1.8817,-0.6944,-1.0751,30,2,0.314219992,1.015172282,159,0.426018736,5,33,NA,NA,NA,NA,0,NA,0.47151304,0.8024,0
TCGA-DD-AACX,C4,NA,0.080933096,0.09,0,-0.1574,-0.14,-0.6896,-1.1823,-0.5331,-1.1998,65,18,0.911041781,2.613251424,142,0.111572383,5,12,NA,NA,NA,0.693147181,2,1,0.703622528,0.3709,0
TCGA-DD-AAD2,C3,NA,0.37458366,0.59,0.02,-0.3204,-0.0915,0.2372,0.1978,0.2727,-0.1022,36,2,0.510457574,1.750140254,111,0.157049894,5,8,NA,NA,NA,2.48490665,12,1,1.30713488,6.0563,1
TCGA-DD-AADG,C4,NA,0.096969891,0.26,0.03,-1.0809,-0.2165,-1.5285,-1.2177,-0.7246,-0.9869,85,67,1.083167216,3.586487003,154,0.179586804,6,13,0.943702309,0.654124595,2,NA,0,NA,3.378323504,0.7566,0
TCGA-DD-AADI,C2,NA,0.220371855,0.26,0.17,-1.0911,-0.0395,0.2397,1.6141,-0.1499,-0.5414,61,113,0.800889016,2.426936412,116,0.267465773,5,13,NA,NA,NA,3.36326707,30,0.988847954,0.907978057,45.1724,1
TCGA-DD-AADO,C2,NA,0.2183131,0.38,0.01,-0.6283,-0.0785,-0.0118,1.3273,-0.561,-1.0916,88,110,1.722696982,4.585770838,230,0.849190666,18,38,NA,NA,NA,1.979204517,8,0.951796181,1.045906724,10.5407,1
TCGA-DD-AADP,C3,NA,0.136459853,0.22,0.01,-0.514,-0.2095,-0.4888,0.1964,-0.181,-0.4527,45,0,0.612073857,2.276914748,165,0.85360047,6,23,NA,NA,NA,1.791759469,6,1,0.775192565,4.4908,1
TCGA-DD-AADU,C3,NA,0.095943708,0.23,0,-1.865,-0.249,-1.1323,-1.531,-0.8189,-1.1019,43,11,0.552006792,1.99202451,90,0.947385412,23,13,NA,NA,NA,NA,0,NA,0.823091175,0.9774,0
TCGA-DD-AAE4,C2,NA,0.131343172,0.21,0.01,-0.3092,-0.005,0.3392,1.2808,0.2759,-0.8966,30,0,0.640056333,1.232701085,408,0.117051239,2,15,0.855251639,1.376474413,5,2.13338193,10,0.926516,2.745472904,28.8917,1
TCGA-DD-AAEB,C3,NA,0.06539502,0.18,0.01,-1.564,-0.27,-0.9199,-0.5802,-0.6939,-1.1152,56,70,0.655560135,2.792200573,125,0.144637823,5,7,NA,NA,NA,0,1,NA,1.768861626,1.8756,0
TCGA-ED-A4XI,C4,LIHC.iCluster:1,0.296471049,0.7,0.04,-1.4772,-0.3505,0.2666,0.3763,0.9998,-0.1215,91,12,0.724212231,3.486947778,81,0.103810866,1,12,NA,NA,NA,2.205598359,10,0.957879197,0.866217867,5.4895,1
TCGA-ED-A5KG,C2,LIHC.iCluster:1,0.833214822,0.71,0.4,-0.1831,-0.123,1.4159,3.3875,1.6062,-0.175,14,0,0.364739898,0.364739898,53,0.020974725,0,0,0.860229353,3.215253117,42,5.057036621,163,0.992792426,2.027296377,39.3297,1
TCGA-ED-A7XP,C4,LIHC.iCluster:1,0.170093055,0.27,0.13,-0.5174,-0.0175,-0.1122,-0.0972,-0.018,-0.4042,36,5,0.439276702,1.498708746,109,0.288964002,6,27,0.850097447,1.178485298,4,1.747868097,6,0.975503759,1.666509758,3.8011,1
TCGA-G3-A25S,C4,LIHC.iCluster:3,0.134031874,0.33,0.26,-0.353,0.121,-0.4642,-0.7544,-0.8149,-1.3762,88,102,0.940792641,3.39255528,228,0.935356301,23,26,NA,NA,NA,0.693147181,2,1,4.190898775,4.0183,1
TCGA-G3-A25Z,C4,LIHC.iCluster:3,0.168821607,0.2,0.24,-0.9174,0.036,-0.4039,-1.2581,-0.1323,-0.6296,35,113,0.655100521,1.856118143,149,0.317708085,7,12,NA,NA,NA,1.098612289,3,1,2.343183285,0.9787,0
TCGA-G3-A5SJ,C1,LIHC.iCluster:3,0.307948451,0.32,0.01,-0.1288,0.087,0.2909,1.1061,-0.0548,-0.0367,56,154,NA,NA,91,0.205197545,7,12,0.836154733,3.335407891,54,2.55779386,14,0.969207388,3.702932773,6.3195,1
TCGA-GJ-A6C0,NA,NA,0.210280158,0.23,0.03,NA,NA,NA,NA,NA,NA,21,NA,0.576305664,1.227781631,687,0.158393799,3,23,NA,NA,NA,NA,NA,NA,NA,4.5017,1
TCGA-KR-A7K8,C3,LIHC.iCluster:2,0.513681105,0.5,0.28,-0.468,-0.132,0.3566,1.3689,0.2011,-0.4239,15,11,0.350493004,1.151619869,493,0.253729351,4,24,0.864645071,2.21777082,13,2.625048159,15,0.969349888,3.641997071,4.6623,1
TCGA-MR-A8JO,C3,NA,0.380089275,0.66,0.51,-0.8892,-0.0295,0.372,0.7211,-0.3348,0.1012,15,4,0.12204792,0.634649185,69,0.205883122,4,11,NA,0,1,2.787788119,17,0.983966889,0.563079375,10.7673,1
TCGA-O8-A75V,C3,LIHC.iCluster:2,0.317739489,0.46,0.01,-0.8104,-0.154,0.1567,0.7338,0.3375,-0.4238,33,15,0.868845597,1.563922075,88,0.351968195,8,18,NA,0,1,2.772588722,16,1,1.129572685,6.4354,1
TCGA-WX-AA44,C3,NA,0.260391945,0.36,0.47,-0.1075,-0.1655,-0.4563,-0.2149,-0.0684,-0.3808,37,152,0.58253967,1.626256578,132,0.365176964,5,15,NA,NA,NA,0.693147181,2,1,0.851083613,5.5797,1
TCGA-XR-A8TC,C4,NA,0.06859707,NA,NA,-0.2698,-0.122,-1.0499,-1.4976,-0.4844,-0.6931,24,0,0.291615515,1.215064644,NA,NA,NA,NA,NA,NA,NA,1.609437912,5,1,0.344253652,2.6658,0
TCGA-2Y-A9H4,C4,NA,0.167314136,0.19,0.04,-0.6224,0.032,-0.4711,-0.3161,-0.0861,-0.9429,28,87,0.388066989,1.576522141,186,0.281848534,4,19,NA,NA,NA,1.098612289,3,1,3.81712324,3.4672,1
TCGA-5R-AA1C,C4,NA,0.106870914,0.15,0.02,-0.9095,-0.1985,-0.5932,-1.1336,-0.0496,-1.5186,27,10,NA,NA,106,0.820182385,10,7,NA,NA,NA,1.33217904,4,0.960964047,1.839524276,3.184,1
TCGA-BW-A5NP,C3,LIHC.iCluster:1,0.024179361,NA,NA,-0.2198,-0.082,-1.2363,-1.1464,-1.3942,-0.8924,37,7,0.583787358,1.806960869,154,0.738237832,NA,NA,NA,NA,NA,0,1,NA,NA,0.8441,0
TCGA-CC-5262,C2,LIHC.iCluster:2,0.444294052,0.61,0,-0.2111,0.0845,0.1395,0.4733,0.6602,-0.1476,59,9,0.846660517,3.062918929,79,0.145817735,3,14,NA,NA,NA,2.51265853,13,0.97961331,2.747798436,5.1211,1
TCGA-CC-A123,C4,LIHC.,0.100306692,NA,NA,-0.4988,-0.075,-0.8063,-0.7134,-1.7579,-1.0669,28,47,0.565795992,1.851695972,NA,NA,NA,NA,NA,NA,NA,0,1,NA,0.74874545,7.3787,1
TCGA-CC-A8HT,C4,NA,0.426438228,0.48,0,0.7194,0.208,0.0878,-0.2158,-0.4067,-0.6494,99,95,1.293539376,4.368746195,161,0.207523994,7,13,NA,NA,NA,1.33217904,4,0.960964047,4.945920921,2.7736,0
TCGA-DD-A39W,C3,LIHC.iCluster:2,0.099685676,0.14,0,-1.3707,-0.365,-0.8522,-0.8983,-0.6803,-1.0906,21,10,0.339007042,0.938788732,71,0.094734832,1,7,NA,0,1,1.386294361,4,1,0.765068532,1.5315,0
TCGA-DD-A3A4,C4,LIHC.iCluster:2,0.040397379,0.24,0.01,-1.6641,-0.138,-1.6817,-2.622,-0.2152,-1.102,17,42,0.232983506,0.906046968,64,0.056447788,2,8,NA,0,1,NA,0,NA,0.267091809,0.1886,0
TCGA-DD-A4NG,C3,LIHC.,0.199245599,NA,NA,-0.8091,-0.187,-0.4651,-0.2925,-0.8732,-0.624,33,14,0.43844759,1.753790359,NA,NA,NA,NA,NA,0,1,1.386294361,4,1,1.473086435,5.1529,1
TCGA-DD-A73C,C3,LIHC.iCluster:2,0.185859853,0.3,0,-1.4239,-0.3615,-0.3957,-0.6352,-0.7251,-0.7001,38,NA,0.769059466,1.845742719,71,0.046721974,2,2,NA,NA,NA,0.636514168,2,0.918295834,1.064303479,2.4363,0
TCGA-DD-AACL,C2,NA,0.475409355,0.53,0.04,0.3432,0.277,0.6338,1.0877,-0.1317,-0.3307,124,13,NA,NA,170,0.233344085,4,14,0.662749636,2.393134531,37,1.831020481,7,0.94095839,2.844276337,3.7205,1
TCGA-DD-AADF,C4,NA,0.066148419,0.1,0.11,-0.1442,-0.03,-1.0239,0.2281,-0.2852,-1.4135,88,127,1.473933957,4.962244322,665,0.386137512,10,39,0.61312648,1.973578003,25,1.386294361,4,1,3.220068012,1.0946,0
TCGA-DD-AADL,C4,NA,0.114091345,0.25,0.34,-0.3013,-0.099,-1.1471,-1.4726,-0.4303,-1.0194,59,157,0.779720294,2.899584843,189,0.839490306,13,19,NA,NA,NA,1.386294361,4,1,3.555900115,1.2682,0
TCGA-DD-AAED,C4,NA,0.105614562,0.09,0.02,-0.9972,-0.227,-0.8752,-0.6568,-0.1718,-1.0901,35,134,0.602654694,1.374052702,188,0.894990001,7,20,NA,NA,NA,NA,0,NA,0.366707445,5.1723,1
TCGA-EP-A3JL,C2,LIHC.iCluster:2,0.288317826,0.47,0.33,-0.3988,-0.004,0.3652,0.6353,0.2596,-0.5214,46,26,0.559598835,2.185100212,47,0.656296256,26,6,NA,NA,NA,2.780466369,17,0.981382632,1.990131118,5.2325,1
TCGA-FV-A23B,C3,LIHC.iCluster:2,0.149916251,0.14,0.13,-0.1066,-0.171,-0.2313,-0.0524,-0.9861,-0.7834,36,7,0.966088476,2.301563722,130,0.201889241,5,19,NA,0,1,2.293118601,13,0.894021005,2.616364459,4.1903,1
TCGA-FV-A3I1,C3,LIHC.iCluster:3,0.270235312,0.31,0.25,-0.2585,-0.156,0.1057,0.132,0.267,-0.2736,11,1,0.472103503,1.615090933,141,0.312949874,9,15,0.815088343,2.151064867,14,2.615630577,14,0.99112306,2.944539602,1.5246,0
TCGA-G3-A3CH,C3,LIHC.iCluster:1,0.212480786,0.32,0.07,-0.3991,-0.2115,-0.2702,0.3821,0.2656,-0.6174,19,7,0.310185692,0.853010652,83,0.230354032,3,12,NA,0,1,2.25385759,10,0.978837914,0.661755434,6.4212,1
TCGA-G3-A3CJ,C4,LIHC.iCluster:2,0.061612175,0.8,0.01,-1.7153,-0.2195,-1.0034,-0.9135,0.2522,-1.2849,NA,NA,0,0,83,0.149008458,31,8,NA,NA,NA,NA,0,NA,0.838311041,1.7246,0
TCGA-KR-A7K2,NA,NA,0.110341844,0.26,0.12,NA,NA,NA,NA,NA,NA,16,54,0.589278951,1.10169543,66,0.854130603,18,9,NA,NA,NA,NA,NA,NA,NA,9.6325,1
TCGA-LG-A9QC,C4,NA,0.080004731,0.2,0,-1.0991,-0.3105,-1.248,-1.6601,0.1301,-0.9399,NA,NA,0.366569381,1.001956308,108,0.27444726,7,13,NA,NA,NA,1.098612289,3,1,0.496644865,1.5521,0
TCGA-MI-A75C,C4,LIHC.iCluster:2,0.21447333,0.23,0.03,-0.7126,-0.0335,-0.6039,-0.4229,0.7369,-1.0916,32,85,0.744250409,2.669035949,82,0.138489028,5,10,NA,NA,NA,2.163955657,9,0.984858662,1.010798468,6.4546,1
TCGA-NI-A8LF,C3,NA,0.129917861,0.37,0.04,-1.1354,-0.2535,-0.7093,-0.6761,-0.6418,-0.4808,37,5,0.679600137,2.135886145,426,0.606479431,18,51,NA,NA,NA,1.098612289,3,1,1.467012563,1.6669,0
TCGA-RC-A6M4,C4,LIHC.iCluster:3,0.0265612,0.14,0.04,-0.5407,-0.0985,-1.5628,-2.3603,0.7871,-1.3207,65,14,1.486924003,3.871129732,156,0.945852531,15,19,NA,NA,NA,0,1,NA,0.631591413,0.2932,0
TCGA-WQ-A9G7,C1,NA,0.158186328,0.58,0.14,0.184,0.0035,-1.0101,-1.019,-1.6821,-0.4144,161,395,4.572720851,10.04063044,124,0.621239825,18,34,NA,NA,NA,NA,0,NA,1.378439541,1.1135,0
TCGA-2Y-A9GT,C6,NA,0.398270258,0.45,0.01,-0.9696,-0.381,0.2942,1.3423,0.7819,-0.5883,35,17,NA,NA,83,0.062187446,1,2,0.875142675,1.922884994,9,3.23823154,27,0.982521791,1.171609984,6.5541,1
TCGA-2Y-A9H8,C2,NA,0.203848352,0.34,0.1,-0.118,-0.07,-0.1306,0.8124,0.4296,-0.6623,28,13,NA,NA,176,0.545865574,12,40,0.831357448,2.305012285,16,2.947248859,24,0.927375374,0.54417858,4.2651,1
TCGA-BC-4072,C3,LIHC.iCluster:1,0.352744792,NA,NA,0.1336,-0.0215,0.5023,0.7785,0.1055,-0.1769,NA,NA,NA,NA,131,0.256315067,NA,NA,0.935225465,2.649693268,17,3.539627567,37,0.980257002,1.358726236,3.6944,1
TCGA-BC-A10U,C3,LIHC.iCluster:3,0.12315494,0.14,0.07,-0.772,-0.1425,-0.5881,-1.3049,-0.6705,-0.5553,52,167,0.713277191,3.133324805,121,0.354116055,8,13,NA,NA,NA,0,1,NA,2.979286993,2.6895,0
TCGA-BC-A3KG,C4,LIHC.iCluster:3,0.035299381,0.05,0.1,0.7565,0.084,-1.064,-1.2631,-0.8167,-1.1278,NA,NA,0,0,477,0.46127532,7,24,NA,NA,NA,1.386294361,4,1,3.476879408,1.9752,0
TCGA-CC-A5UC,C1,LIHC.iCluster:1,0.349917918,0.71,0.03,0.3458,0.172,-0.2877,0.1851,-0.9,-0.3249,24,59,0.447959634,1.2648272,79,0.508275929,15,19,NA,NA,NA,NA,0,NA,0.851047715,2.9633,0
TCGA-CC-A9FV,C3,NA,0.574100486,0,0,-1.7671,-0.3315,1.1243,0.9384,-0.0447,-0.0585,6,6,0.121354399,0.339792316,50,3.19827E-05,0,0,NA,NA,NA,3.031590576,22,0.980766399,NA,26.6389,1
TCGA-DD-A39V,C2,LIHC.iCluster:3,0.237693882,0.3,0,-0.819,0.0445,0.1557,0.4966,-0.3895,-0.9176,38,2,0.494518471,1.743828292,89,0.859646421,11,6,NA,NA,NA,1.098612289,3,1,3.364082523,4.3813,1
TCGA-DD-A3A8,C4,LIHC.iCluster:2,0.066796707,0.21,0.11,-1.4535,-0.3115,-1.3012,-1.3921,-0.6467,-1.1474,77,19,1.030190585,2.78151458,88,0.224231448,5,14,NA,NA,NA,0,1,NA,0.99751525,0.8429,0
TCGA-DD-A3A9,C3,LIHC.iCluster:1,0.156016909,0.51,0.11,-1.1846,-0.1125,-0.5363,0.2361,-0.9602,-0.1237,170,242,3.106693219,8.725755738,166,0.633520634,19,20,NA,NA,NA,1.351783994,4,0.975106032,0.55456373,8.4787,1
TCGA-DD-A4ND,C3,LIHC.iCluster:2,0.339768263,0.6,0.01,-0.2276,-0.116,0.3787,0.6371,-0.176,0.172,26,13,0.404217868,1.374340751,84,0.398497913,13,14,0.96389904,1.058951331,3,2.902002313,19,0.985587521,1.510707319,7.4737,1
TCGA-DD-A4NJ,C3,LIHC.,0.223576765,NA,NA,0.2801,-0.0925,0.1449,-0.1892,-0.0523,-0.4394,33,6,0.531774596,1.967566004,95,0.524820248,NA,NA,0.87878715,2.379799717,15,1.386294361,4,1,1.435570927,5.3968,1
TCGA-DD-A4NQ,C4,LIHC.iCluster:3,0.50668105,0.59,0.13,0.2227,0.0705,-0.1498,-1.2916,-0.5503,-0.4878,19,12,0.625665977,2.121823749,63,0.35427729,8,14,NA,NA,NA,0.636514168,2,0.918295834,2.148968385,1.7071,0
TCGA-DD-A73A,C3,LIHC.iCluster:3,0.25631151,0.31,0,-0.8447,-0.2065,-0.2256,-0.0632,-0.3871,-0.8238,47,130,0.617836403,2.125357227,149,0.090767085,1,12,NA,NA,NA,2.397895273,11,1,0.858565187,9.8894,1
TCGA-DD-AAC9,C3,NA,0.288707415,0.45,0.03,-1.4861,-0.125,0.0455,0.9064,-0.1721,-0.4809,31,0,0.430892843,1.795386847,89,0.099997109,2,9,NA,NA,NA,1.747868097,6,0.975503759,0.203421572,5.9809,1
TCGA-DD-AACH,C4,NA,0.092433211,0.13,0.05,0.5027,0.0685,-0.205,-1.2003,-0.4832,-0.3948,42,71,0.513517254,2.127428622,214,0.328589335,6,52,NA,NA,NA,1.33217904,4,0.960964047,5.028528303,1.253,0
TCGA-DD-AACJ,C4,NA,0.067178951,0.1,0.02,-1.7707,-0.134,-1.1065,-1.5952,-1.5724,-1.335,27,19,0.681860167,2.142989097,146,0.914746442,9,8,NA,NA,NA,NA,0,NA,2.370799049,0.3215,0
TCGA-DD-AACU,C4,NA,0.169952447,0.33,0.14,-1.006,-0.22,-0.3857,-0.0032,0.3388,-0.5132,72,8,0.578545075,2.603452839,137,0.810807004,23,21,NA,NA,NA,2.338371705,11,0.975176744,1.806103345,5.0145,1
TCGA-DD-AADJ,C3,NA,0.088185145,0.14,0.03,-1.0645,-0.254,-0.7633,-0.3224,-1.0094,-1.0606,31,126,0.38793229,1.430500318,447,0.206082974,5,14,NA,NA,NA,1.039720771,3,0.94639463,2.121639635,3.8769,1
TCGA-DD-AADQ,C4,NA,0.120182949,0.15,0.11,-1.1401,-0.01,-0.897,-0.4865,-0.6307,-1.238,56,84,0.807439827,2.564808861,154,0.20735583,6,9,NA,NA,NA,1.33217904,4,0.960964047,1.550291511,2.0787,0
TCGA-DD-AAE3,C4,NA,0.070959467,0.3,0.06,-2.0614,-0.069,-0.4722,-1.3513,-0.7955,-0.7196,60,117,0.983224205,3.429294177,203,0.693285256,24,21,NA,NA,NA,0,1,NA,2.758816682,1.1511,0
TCGA-DD-AAE6,C4,NA,0.023407825,0.02,0.04,0.0922,-0.083,-2.1602,-2.5312,-1.0311,-1.6772,31,71,0.903845982,1.661122345,152,0.451558343,9,41,NA,NA,NA,NA,0,NA,1.189011101,0.1373,0
TCGA-DD-AAEI,C4,NA,0.213149903,0.25,0.01,-0.1637,-0.121,-0.0928,-0.8056,0.1536,-1.0255,15,28,NA,NA,192,0.152868884,4,16,NA,NA,NA,2.079441542,8,1,0.771179729,1.6727,0
TCGA-DD-AAVR,C3,NA,0.305857767,0.5,0.04,-0.9968,-0.0645,0.5029,1.3006,0.0692,-0.3388,27,6,0.632280559,1.2888796,215,0.155698308,4,13,NA,NA,NA,2.302585093,10,1,0.418729601,24.5849,1
TCGA-DD-AAVZ,C4,NA,0.127650925,0.21,0.04,-0.3716,-0.0925,-0.5657,-0.41,-0.0555,-0.7205,21,5,0.459414523,0.846289911,138,0.335366663,6,17,NA,NA,NA,0.693147181,2,1,0.834397669,4.7739,1
TCGA-DD-AAW2,C4,NA,0.050637529,0.13,0.08,-1.0169,-0.2535,-1.1611,-1.3196,-0.0887,-0.9771,59,6,0.714591543,2.667808425,143,0.823366008,9,8,NA,NA,NA,NA,0,NA,0.849569113,1.0165,0
TCGA-ED-A82E,C3,LIHC.iCluster:1,0.095714256,0.29,0.06,-1.4506,-0.1625,-0.4784,-0.7345,-0.2608,-0.064,13,0,0.254603375,0.611048101,184,0.66757037,20,29,NA,NA,NA,1.098612289,3,1,0.551009623,1.5609,0
TCGA-EP-A12J,C4,LIHC.iCluster:2,0.065618957,0.24,0.04,-1.0126,-0.332,-0.8813,-0.9751,2.3704,-1.1706,27,94,0.49507035,1.224647708,123,0.198122767,4,9,NA,NA,NA,0,1,NA,0.863901327,1.1879,0
TCGA-FV-A4ZQ,C2,LIHC.iCluster:2,0.318046916,0.36,0.05,0.4409,0.107,0.5786,1.6467,0.0257,-0.9656,34,0,0.646461181,1.831640014,120,0.947679586,11,15,0.815376759,3.903609503,120,3.591699931,44,0.949133177,1.097625065,5.94,1
TCGA-G3-A25X,C2,LIHC.iCluster:1,0.266734745,NA,NA,0.1272,0.2065,0.359,0.2965,-0.5351,-0.1592,NA,NA,NA,NA,1859,0.601141569,NA,NA,NA,NA,NA,1.632630927,6,0.91118867,1.731960957,10.1563,1
TCGA-G3-A7M7,C4,LIHC.iCluster:2,0.278628847,0.42,0.04,-1.7199,-0.1055,-0.9837,-1.2128,-0.5171,-0.896,34,NA,NA,NA,122,0.069826545,2,3,NA,NA,NA,0,1,NA,0.882019448,1.0895,0
TCGA-G3-AAV4,C4,NA,0.060130447,0.13,0.09,-1.01,-0.187,-0.8765,-1.7968,1.0047,-1.0862,44,2,1.011650188,2.288256377,73,0.808168524,9,12,NA,NA,NA,0.693147181,2,1,0.832349764,2.2432,0
TCGA-GJ-A9DB,C3,NA,0.18876067,0.47,0.06,-0.365,-0.168,-0.212,-0.5896,-0.0723,-0.1502,42,1,0.746227232,1.709101079,140,0.258772407,6,9,0.921867014,1.277979043,4,NA,0,NA,3.769248092,1.8535,0
TCGA-KR-A7K7,C2,LIHC.iCluster:3,0.281125592,0.38,0.15,0.15,0.1145,-0.0493,0.9322,-0.6756,-1.0488,35,13,0.277138225,1.511663047,69,0.92668846,17,4,0.476384756,0.33020475,2,2.25385759,10,0.978837914,2.319317143,5.9283,1
TCGA-MI-A75E,C3,LIHC.iCluster:2,0.352329735,0.46,0.02,-0.9485,-0.136,-0.0754,0.6374,-0.08,-0.1735,60,128,0.97465252,2.847011308,91,0.228896616,5,6,0.993666578,0.688757187,2,2.48490665,12,1,0.878981158,9.6351,1
TCGA-QA-A7B7,C4,LIHC.iCluster:3,0.117990539,0.14,0,0.6685,0.1795,-0.8983,-0.4121,-0.1571,-1.143,39,5,0.776625866,1.8538811,231,0.907176757,7,23,NA,NA,NA,2.45831133,12,0.989297256,3.147028924,2.6317,0
TCGA-RC-A6M6,C1,LIHC.iCluster:1,0.216347609,0.23,0.11,0.356,0.251,-0.62,-0.4199,-1.1056,-0.4223,77,65,1.123527738,4.366437346,346,0.329539709,4,42,NA,0,1,2.397895273,11,1,4.986838674,0.7844,0
TCGA-UB-A7MD,C4,LIHC.iCluster:3,0.275956224,0.41,0.04,-0.5949,-0.0535,0.1852,-0.2912,1.1418,-0.2248,55,45,0.886342872,2.528684076,73,0.221256595,6,9,NA,NA,NA,1.906154747,7,0.979569765,4.0082537,4.2816,1
TCGA-ZP-A9D2,C2,NA,0.214865488,0.31,0.04,-0.1701,0.0155,-0.1232,-0.1968,0.5629,-0.161,17,3,0.265466289,1.303198147,144,0.587142158,9,12,NA,NA,NA,0.693147181,2,1,1.730759459,3.0161,0
TCGA-2Y-A9GY,C2,NA,0.345356693,0.48,0.4,0.191,0.192,0.5349,1.6441,-0.4841,-0.6906,23,5,0.506956004,1.569149535,203,0.696873558,23,24,0.656367531,2.593468085,52,3.436238682,34,0.974443384,3.511003074,13.0989,1
TCGA-2Y-A9H1,C4,NA,0.262583032,0.27,0.08,-2.0423,-0.1825,-0.4592,0.4598,-0.0828,-1.1558,74,132,0.751418424,2.86023787,93,0.390791077,5,9,NA,NA,NA,1.039720771,3,0.94639463,1.473894746,5.4666,1
TCGA-5R-AAAM,C3,NA,0.263438462,0.4,0.11,-1.4869,-0.2615,0.3828,0.253,-0.3212,-0.1852,32,15,0.506109245,1.783432577,105,0.16448549,4,12,NA,NA,NA,2.079441542,8,1,1.120688503,5.4901,1
TCGA-BC-A10S,C3,LIHC.iCluster:2,0.22634967,0.78,0.12,-1.8677,-0.153,0.2411,0.3501,-0.6496,-0.3385,NA,NA,0,0,96,0.205261356,8,7,NA,NA,NA,2.441015278,12,0.982336813,0.944349557,9.3358,1
TCGA-BC-A10T,C1,LIHC.iCluster:3,0.15666701,0.3,0.04,-0.3205,-0.006,-0.3843,-0.3757,-0.104,-0.2048,37,70,0.627875182,1.632475473,558,0.262749604,3,33,NA,NA,NA,1.351783994,4,0.975106032,2.958244423,2.8317,0
TCGA-BC-A10Y,C4,LIHC.iCluster:3,0.071146717,0.08,0.12,0.4368,0,-0.4446,-0.3406,0.6526,-0.8748,25,NA,0.507515608,1.294164801,767,0.280578723,2,29,0.991070013,1.088801695,3,0,1,NA,3.202137678,2.8495,0
TCGA-CC-A7II,C1,LIHC.iCluster:1,0.150876033,0.44,0.11,0.953,0.512,-0.852,-1.0833,-1.6077,-0.3551,52,26,1.175134406,3.425391779,168,0.737283745,23,25,NA,NA,NA,0.693147181,2,1,5.35136583,0.7445,0
TCGA-DD-A114,C2,LIHC.iCluster:1,0.478813248,0.67,0.42,0.4229,0.0105,0.7449,1.4082,0.8421,0.0568,52,42,0.692216835,2.398036893,97,0.362153554,7,11,0.912430489,3.04040499,28,3.134162459,24,0.98618923,2.082359655,13.1953,1
TCGA-DD-A1EE,C4,LIHC.iCluster:3,0.077109165,0.18,0.13,-0.6332,-0.1635,-0.7644,-2.0616,0.5568,-0.9454,366,411,1.350796251,16.58036182,60,0.198865442,6,7,0.757935893,1.219850762,5,0.693147181,2,1,0.793815766,0.4282,0
TCGA-DD-A1EL,C4,LIHC.iCluster:3,0.191134058,0.18,0.21,0.3341,0.323,-0.336,-1.1281,-0.7144,-0.8322,29,9,0.700860309,2.076623137,136,0.684494886,8,33,NA,0,1,0,1,NA,4.416595403,3.846,1
TCGA-DD-A39Z,C4,LIHC.iCluster:2,0.083976007,0.16,0.03,-0.6726,-0.118,-1.6412,-1.0889,-1.1655,-1.2506,40,8,0.476404581,1.773283718,50,0.277823016,9,11,NA,NA,NA,0.693147181,2,1,1.012828769,3.6562,1
TCGA-DD-A3A3,C4,LIHC.iCluster:1,0.12540677,0.22,0,-0.5414,-0.023,-0.8866,-0.7178,-0.8195,-1.0708,1,0,0.593381092,1.212561362,118,0.582229505,8,8,NA,NA,NA,NA,0,NA,0.655656556,2.8673,0
TCGA-DD-A4NK,C3,LIHC.,0.087857169,0.18,0,-1.537,-0.321,-0.8637,-1.3815,-0.621,-0.7946,36,23,0.720662177,1.750179574,60,0.344123014,9,8,NA,NA,NA,NA,0,NA,0.962882463,0.7817,0
TCGA-DD-A73B,C4,LIHC.iCluster:2,0.034436224,0.08,0.02,0.0981,-0.056,-1.2102,-1.9021,-0.801,-1.3136,NA,NA,0.461844511,1.796061985,123,0.946304169,5,38,NA,NA,NA,0,1,NA,0.519929362,0.82,0
TCGA-DD-AACG,C4,NA,0.13593234,0.23,0.06,0.041,0.216,-0.3461,-0.2595,-0.4649,-1.3644,50,96,0.781516223,2.198014377,237,0.868524409,14,26,NA,NA,NA,0.693147181,2,1,3.519895191,15.2764,1
TCGA-DD-AACK,C4,NA,0.135730525,0.24,0.01,-0.5781,-0.03,-0.5781,-0.9795,-0.0131,-0.7455,44,1,1.043410968,2.863313818,106,0.042724456,1,6,NA,NA,NA,2.403640411,12,0.96729606,2.26665724,1.7294,0
TCGA-DD-AAD3,C3,NA,0.237721871,0.34,0.05,-1.0489,-0.3235,-0.0999,0.0351,0.3196,-0.1371,35,1,0.553050145,1.466785167,165,0.248645527,8,21,NA,0,1,2.043191871,8,0.982567593,1.424615009,5.4861,1
TCGA-DD-AAE0,C1,NA,0.106309724,0.33,0.19,0.1568,0.016,-0.7656,-0.2992,-1.2137,-0.3378,27,28,NA,NA,143,0.497886472,16,21,NA,NA,NA,0.693147181,2,1,0.906105569,2.0523,0
TCGA-DD-AAE9,C4,NA,0.144685741,0.23,0.05,-0.7176,-0.1725,-0.9888,-1.4969,-1.1791,-1.4303,49,8,0.698503055,2.264113351,134,0.947220615,14,9,NA,NA,NA,NA,0,NA,2.721312253,1.0855,0
TCGA-DD-AAEA,C4,NA,0.267368392,0.32,0.09,-0.0919,-0.065,-0.4371,0.2141,-0.0051,-1.1365,41,83,0.940844544,3.956371929,153,0.287688062,8,19,NA,NA,NA,1.386294361,4,1,1.216231847,3.2385,1
TCGA-DD-AAVX,C4,NA,0.140030518,0.27,0.02,-1.7095,-0.2275,-0.1485,-0.1548,2.1392,-0.8757,22,0,0.643189619,1.410069549,83,0.124224639,2,8,NA,NA,NA,1.609437912,5,1,0.539434886,5.0675,1
TCGA-DD-AAW0,C3,NA,0.337365377,0.51,0.04,-0.9473,-0.247,0.2868,0.3338,-0.1957,-0.1944,42,6,0.646124487,2.034095606,137,0.286027287,8,23,NA,NA,NA,2.890371758,18,1,1.740915826,4.8429,1
TCGA-ED-A66Y,C4,LIHC.iCluster:1,0.021009608,0.11,0.15,0.0963,-0.1305,-1.5726,-1.5503,-2.3647,-0.4679,39,1,0.398629363,1.993146814,121,0.843368879,14,15,NA,NA,NA,0.693147181,2,1,1.5165608,0.9013,0
TCGA-EP-A3RK,C2,LIHC.iCluster:2,0.508751309,0.56,0.04,0.0471,0.067,0.6997,1.4636,-0.2095,-0.5637,39,0,0.415142488,1.323266682,58,0.233153193,5,17,0.855940154,3.750752554,80,2.956488663,23,0.94290994,2.628646258,10.952,1
TCGA-FV-A2QQ,C3,LIHC.iCluster:2,0.291194448,0.34,0.14,-1.0179,-0.0655,-0.0381,0.4855,-0.1768,-0.7041,66,162,0.99461282,2.80531821,95,0.36967814,4,12,NA,NA,NA,2.043191871,8,0.982567593,3.430954521,4.5351,1
TCGA-FV-A4ZP,C4,LIHC.iCluster:1,0.20357199,0.41,0.07,-0.4594,-0.0455,-0.3803,-0.1888,-0.2276,-0.8055,56,119,0.662886991,2.280331249,217,0.543737063,13,18,NA,NA,NA,NA,0,NA,0.734133064,2.2645,0
TCGA-G3-A3CI,C3,LIHC.iCluster:1,0.432581222,0.55,0,-1.773,-0.362,-0.0004,0.4059,-0.9105,-0.7112,4,NA,0.159338753,0.371790423,61,0.016386815,0,2,NA,NA,NA,2.079441542,8,1,0.400832166,2.8358,0
TCGA-G3-AAUZ,C2,NA,0.178053297,0.2,0.1,-0.2988,-0.0275,-0.1811,0.6943,0.2096,-0.8453,31,25,NA,NA,277,0.202495387,7,13,0.96969152,1.560658296,5,0.693147181,2,1,0.948954688,9.3517,1
TCGA-G3-AAV2,C4,NA,0.087791411,0.15,0,-1.8636,-0.203,-0.8295,-1.6317,-0.8548,-1.0525,26,2,0.462843903,1.023128627,78,0.213284132,4,13,NA,NA,NA,NA,0,NA,1.234963415,1.695,0
TCGA-K7-A5RF,C4,LIHC.iCluster:2,0.324228453,NA,NA,-1.9579,-0.318,0.4685,1.0509,2.1961,-0.3117,23,NA,0.512405425,1.204152749,51,7.44364E-05,NA,NA,NA,0,1,2.813355405,17,0.992991019,1.162336902,2.3531,0
TCGA-K7-A6G5,C4,LIHC.iCluster:2,0.290805501,0.4,0.04,-1.0234,-0.177,-0.1834,0.3173,1.683,-0.5926,32,2,0.749378733,1.731323279,92,0.148176195,3,5,NA,0,1,1.475076311,5,0.916516443,0.997027504,3.9338,1
TCGA-PD-A5DF,C4,LIHC.iCluster:3,0.21893753,0.27,0.07,-0.1345,0.0715,0.1079,-0.5985,0.0147,-0.1711,18,12,0.346088606,0.985021418,390,0.241804371,3,28,NA,NA,NA,1.609437912,5,1,2.839622832,1.2664,0
TCGA-RC-A7SF,C3,LIHC.iCluster:3,0.147202677,0.22,0.12,-0.5098,-0.1355,-0.8626,-0.2424,-0.1913,-0.5739,30,60,0.673506896,1.992457901,105,0.262884638,8,13,NA,NA,NA,1.609437912,5,1,1.195284132,1.3484,0
TCGA-UB-A7MC,C4,LIHC.iCluster:3,0.026824534,0.1,0.04,0.1085,-0.011,-1.1227,-2.0407,-0.6653,-1.0136,18,47,0.40065488,1.427333012,133,0.456182163,14,20,NA,NA,NA,0.693147181,2,1,1.263471974,0.7193,0
TCGA-WQ-AB4B,C4,NA,0.136899551,0.49,0.15,-0.8595,-0.0025,-0.4437,-0.4861,0.0791,-0.6843,35,39,0.532019844,1.475145931,74,0.669896868,20,9,NA,NA,NA,0,1,NA,0.64667538,5.412,1
TCGA-ZP-A9D0,C3,NA,0.097457234,0.21,0.26,-1.4854,-0.237,-0.9355,-1.3981,-0.6098,-0.8112,26,54,NA,NA,128,0.17480344,4,23,NA,NA,NA,NA,0,NA,0.51879669,0.7309,0
TCGA-2Y-A9H0,C2,NA,0.148232553,0.14,0.02,0.6412,0.169,-0.136,0.5957,0.492,-1.0592,33,121,0.386702126,1.691821801,620,0.206101593,7,16,0.788129883,2.277988356,18,2.508834101,18,0.86799703,2.729933332,1.5535,0
TCGA-3K-AAZ8,C4,NA,0.180920241,0.3,0.05,-1.7552,-0.174,-0.7735,-0.0123,1.7332,-1.1036,48,12,0.94393882,2.856020019,77,0.947535184,18,7,NA,NA,NA,1.386294361,4,1,0.976951912,4.7739,1
TCGA-5C-A9VG,C4,NA,0.194513756,0.54,0.12,0.0267,0.1005,-0.8015,-1.3088,-1.5563,-0.4673,62,2,1.420948881,2.817813882,83,0.65215662,17,13,NA,NA,NA,1.098612289,3,1,0.911305108,3.2062,1
TCGA-BC-A10R,C3,LIHC.iCluster:1,0.112010523,0.4,0.1,-1.2556,-0.235,-0.5874,-1.2494,-0.7627,-0.1309,32,0,0.684590312,2.685700454,533,0.703043656,20,26,NA,NA,NA,0.636514168,2,0.918295834,3.102672333,0.5489,0
TCGA-BD-A3EP,C3,LIHC.iCluster:2,0.421426995,0.74,0.32,-0.7852,-0.0555,0.4956,1.6231,-0.2646,-0.1087,69,178,0.483753926,2.418769632,120,0.518902218,22,18,0.930995593,4.376126507,110,2.725550396,16,0.98303451,4.755113373,12.6156,1
TCGA-CC-5264,C1,LIHC.iCluster:3,0.08639858,0.16,0.23,0.8296,0.159,-0.6096,-0.1463,-0.6556,-0.5624,49,18,0.661376604,2.187630304,160,0.817639981,19,26,NA,0,1,2.995732274,20,1,3.741782895,1.7677,0
TCGA-CC-A7IL,C4,LIHC.iCluster:3,0.037948799,0.07,0.2,-0.6791,-0.2,-1.7196,-1.9119,-0.7014,-1.5796,38,163,0.854866049,2.357357893,103,0.797315614,20,19,NA,NA,NA,0,1,NA,1.994545111,0.1559,0
TCGA-CC-A8HU,C4,NA,0.068809066,0.11,0.18,0.3733,0.0895,-1.0829,-1.4899,-0.8633,-0.8316,19,1,0.664147988,2.017042037,163,0.489821363,16,34,NA,NA,NA,0.693147181,2,1,2.236721691,1.238,0
TCGA-DD-A115,C3,LIHC.iCluster:3,0.150763303,0.34,0.13,-0.058,-0.1305,-0.4355,-0.1528,0.0646,-0.5297,18,5,0.746867743,2.10723399,457,0.64092608,7,26,NA,NA,NA,1.386294361,4,1,3.40980134,3.502,1
TCGA-DD-A116,C4,LIHC.iCluster:1,0.171275863,0.26,0.19,-0.7548,0,-0.487,-0.2605,-0.4339,-0.7485,55,20,0.885479573,2.604351684,165,0.470111838,8,16,0.958045592,1.328133202,4,1.560710409,5,0.9697239,1.27360476,1.0923,0
TCGA-DD-A118,C3,LIHC.iCluster:1,0.143601635,0.41,0.02,-0.8391,-0.225,-0.5308,-1.3221,-1.4044,-0.4583,52,97,0.857532025,2.673482197,172,0.531631097,16,19,NA,NA,NA,2.163955657,9,0.984858662,0.771426274,1.1173,0
TCGA-DD-A1EC,C3,LIHC.iCluster:1,0.456539405,0.59,0,-0.5291,-0.1315,0.9637,1.4309,-0.1372,-0.4157,7,NA,0.203091149,0.533114266,137,0.216544888,8,11,0.962220231,2.114213941,9,4.558934303,103,0.983646361,0.452772998,20.969,1
TCGA-DD-A1EJ,C4,LIHC.iCluster:3,0.157334504,0.25,0.56,-0.1343,0.1045,-0.2849,-1.0046,-1.5793,-0.7267,38,54,0.424021182,1.404570164,145,0.541367944,11,16,0.993000244,1.376590639,4,1.386294361,4,1,4.175529439,1.0594,0
TCGA-DD-A3A1,C4,LIHC.iCluster:3,0.219018788,0.27,0,-0.9145,-0.016,-0.3119,-0.6034,-0.343,-1.2511,NA,NA,0,0,153,0.307844852,6,14,NA,NA,NA,0.636514168,2,0.918295834,1.556632481,5.1853,1
TCGA-DD-A4NS,C3,LIHC.iCluster:1,0.372405539,0.8,0.14,-1.3426,-0.242,0.3912,0.9395,-0.2269,0.328,32,4,0.345451509,1.159730066,45,0.108337192,3,8,NA,NA,NA,3.183922422,27,0.966043694,1.548720581,9.7525,1
TCGA-DD-A4NV,C3,LIHC.iCluster:2,0.205882719,0.46,0.11,-1.4195,-0.2895,-0.4915,-0.5445,-0.5544,-0.4588,71,0,0.812097816,2.903864919,61,0.953563018,15,8,NA,NA,NA,2.197224577,9,1,2.694032629,3.8436,1
TCGA-DD-AA3A,C1,NA,0.098167132,0.18,0.01,0.3174,0.1695,-0.9152,-0.8371,-1.3266,-0.3854,15,21,0.381015267,0.928724712,152,0.389367013,8,17,NA,NA,NA,0.693147181,2,1,1.501600592,0.886,0
TCGA-DD-AACC,C2,NA,0.579133667,0.69,0.04,-0.3163,0.0435,1.1575,2.7871,0.2248,-0.5998,46,49,0.529315425,1.900723572,120,0.206777751,5,28,0.786543496,3.27114244,64,3.657358179,54,0.916864579,0.874129855,12.3783,1
TCGA-DD-AAD8,C4,NA,0.046659379,0.05,0.1,-0.143,0.007,-0.8568,-0.7982,0.1407,-0.736,61,0,NA,NA,132,0.909828627,15,14,NA,NA,NA,NA,0,NA,3.668861832,3.6162,1
TCGA-DD-AADC,C4,NA,0.198483761,0.29,0.02,0.6055,0.208,-0.6096,-0.7582,-0.9056,-0.6436,29,8,NA,NA,318,0.454738245,8,39,NA,NA,NA,1.098612289,3,1,4.269844661,1.7314,0
TCGA-DD-AADD,C4,NA,0.089135916,0.16,0.43,0.272,0.0075,-0.7932,-0.775,-1.1011,-1.3297,38,9,0.510557279,1.896355608,148,0.544769663,14,16,NA,NA,NA,1.386294361,4,1,4.183625383,1.4329,0
TCGA-DD-AADM,C4,NA,0.113645046,0.21,0.07,-0.5065,0.014,-0.6544,-0.2472,-0.2713,-0.8661,74,80,1.402225812,3.82641281,171,0.280164941,5,31,NA,NA,NA,1.906154747,7,0.979569765,1.408596591,2.5849,0
TCGA-DD-AADW,C1,NA,0.049012944,0.11,0.22,0.3407,-0.042,-0.7149,-0.7246,-1.6249,-0.2482,27,11,0.361035968,1.010900711,165,0.436569007,5,37,0.93253006,1.024488984,3,1.791759469,6,1,1.17805685,3.0694,0
TCGA-DD-AAVQ,C2,NA,0.40684589,0.65,0.01,-0.0053,-0.004,0.7084,2.4128,0.1135,-0.4253,27,0,0.390737537,1.172212612,83,0.530730082,13,18,0.890967517,3.759444301,68,4.356001161,79,0.996922565,0.747606921,25.1456,1
TCGA-ES-A2HS,C3,LIHC.iCluster:2,0.054139402,0.34,0.14,-1.2064,-0.2825,-1.0953,-1.3033,-1.2009,-0.9621,28,68,0.699646663,1.580683201,117,0.711757518,21,9,NA,NA,NA,NA,0,NA,0.350067097,1.716,0
TCGA-FV-A3R2,C4,LIHC.,0.143576204,0.21,0,-0.5871,-0.188,-0.7576,-1.2809,0.4308,-1.0091,37,67,0.639414759,1.790361324,103,0.401820246,13,12,NA,NA,NA,1.747868097,6,0.975503759,0.356562862,1.59,0
TCGA-G3-A3CK,C4,LIHC.iCluster:2,0.262858424,0.35,0.03,-1.0646,-0.2175,-0.2202,0.2531,0.0653,-1.0042,69,18,1.473125979,4.978149859,62,0.078143499,1,4,NA,0,1,1.745608564,9,0.794460695,0.940604006,1.4868,0
TCGA-G3-A7M9,C1,LIHC.iCluster:1,0.260871851,0.44,0.45,0.9522,0.392,-0.5467,-0.0377,-0.471,-0.3103,67,165,0.917683293,3.269246729,154,0.662035592,15,31,NA,0,1,0.693147181,2,1,7.074107932,0.8657,0
TCGA-G3-AAV1,C4,NA,0.125765452,0.26,0.29,-0.7479,-0.0925,-0.5878,-1.6653,-0.1254,-0.7706,31,87,NA,NA,127,0.817803243,15,27,NA,NA,NA,1.560710409,5,0.9697239,0.707950794,1.5052,0
TCGA-K7-A5RG,C2,LIHC.iCluster:2,0.589684239,0,0.16,0.0879,0.026,1.1161,2.5123,0.428,-0.4809,62,3,0.647283679,2.951613577,50,0.226656785,3,6,0.716701429,3.793719132,199,3.811174982,55,0.951050189,5.513777398,8.827,1
TCGA-K7-AAU7,C1,NA,0.291704888,0.47,0.01,-0.165,0.0065,0.1236,-0.0736,-0.1301,0.339,28,6,0.513839257,1.541517772,114,0.130997344,4,11,NA,0,1,2.145841753,9,0.976614669,3.723482173,2.2424,0
TCGA-RG-A7D4,C2,LIHC.iCluster:3,0.395475139,0.65,0.54,0.3584,0.1705,0.3808,1.8161,-0.127,-1.0561,58,35,0.792934351,2.174174834,100,0.697743016,27,29,0.857141739,4.044422328,112,2.725550396,16,0.98303451,3.1634587,9.3409,1
TCGA-WJ-A86L,C4,NA,0.0662984,0.06,0.02,-0.337,-0.3405,-1.1864,-0.7097,-0.5506,-0.973,55,171,0.829228267,2.877909869,429,0.160200074,4,23,NA,NA,NA,1.098612289,3,1,5.652270248,1.5806,0
TCGA-XR-A8TE,C3,NA,0.146132311,0.27,0,-1.6717,-0.3425,-0.7993,-1.3209,-0.8738,-0.4318,7,3,0.145877012,0.218815519,88,0.298920884,6,4,NA,NA,NA,1.386294361,4,1,0.667381396,5.3538,1
TCGA-XR-A8TF,C3,NA,0.053331635,0.12,0.08,-0.773,-0.1715,-0.9426,-0.7507,-0.8298,-1.2008,61,15,0.942398137,3.141327123,167,0.516488993,15,14,NA,0,1,NA,0,NA,2.359388145,0.6825,0
TCGA-ZP-A9CY,C4,NA,0.198565293,0.27,0.01,-1.2404,-0.252,-0.1373,-0.3629,1.2391,-0.4842,41,2,NA,NA,75,0.030374178,0,6,NA,NA,NA,1.609437912,5,1,1.962678404,1.8347,0
TCGA-ZS-A9CD,C3,NA,0.286883028,0.41,0.1,-1.5751,-0.168,-0.3266,-0.4237,-0.4455,-0.4474,NA,NA,0.701962282,2.154298039,77,0.159314668,3,6,NA,NA,NA,1.609437912,5,1,0.844210708,5.1505,1
TCGA-2Y-A9H5,C3,NA,0.15892532,0.26,0.14,-0.5911,-0.3035,-0.4267,0.1796,-0.2442,-0.2245,37,45,0.651723138,1.593101004,88,0.525677253,7,25,0.821895769,1.139389471,4,2.397895273,11,1,0.491726271,5.988,1
TCGA-BC-A69H,C4,LIHC.iCluster:1,0.155697912,0.34,0.27,0.0186,0.1945,-0.1842,-0.1471,-1.4878,-0.5067,47,32,0.912726673,2.256463163,142,0.541832319,15,23,NA,NA,NA,0.693147181,2,1,3.068849164,7.0245,1
TCGA-BD-A2L6,C4,LIHC.iCluster:3,0.10252715,0.14,0.98,0.1308,0.005,-0.6566,-0.2411,-0.6033,-0.9551,28,16,0.443179489,1.772717954,170,0.153524309,5,13,0.515166117,0.565967827,3,1.386294361,4,1,2.724587864,5.8574,1
TCGA-CC-5263,C4,LIHC.iCluster:3,0.249697529,0.23,0.14,0.8563,0.101,0.0072,-0.8062,-0.9563,-0.0848,70,3,0.909492556,2.703213985,515,0.390039904,8,34,NA,NA,NA,1.386294361,4,1,3.64102167,0.8494,0
TCGA-CC-A1HT,C2,LIHC.iCluster:1,0.668101555,0.79,0.2,0.6898,0.289,1.0362,1.1936,1.2695,-0.1039,52,49,0.562345221,2.172697444,120,0.210070667,11,26,0.558488589,1.2859675,10,4.201724105,72,0.982476534,5.444076292,5.4275,1
TCGA-DD-A113,C3,LIHC.iCluster:1,0.127731928,0.3,0.36,0.0092,-0.0855,-0.2136,0.129,-0.4953,-0.6352,69,7,1.181463105,3.3181517,165,0.839269482,19,31,0.856222213,2.318692737,15,2.615630577,14,0.99112306,1.1586694,0.9177,0
TCGA-DD-A11C,C3,LIHC.iCluster:3,0.08033858,0.12,0.25,0.0761,-0.138,-0.2529,-0.3759,-0.3341,-0.5193,47,97,0.927383322,2.100250464,752,0.537351065,5,40,NA,0,1,1.386294361,4,1,3.258529678,3.4694,1
TCGA-DD-A11D,C4,LIHC.iCluster:3,0.138325944,0.21,0,-1.5004,-0.426,-0.9832,-0.9942,0.5208,-0.6973,54,247,1.16917202,2.754049648,552,0.178802896,6,5,NA,NA,NA,0.693147181,2,1,2.197154729,2.7281,0
TCGA-DD-A1EI,C1,LIHC.iCluster:1,0.298821659,0.67,0.13,-0.2703,-0.0055,-0.1236,-0.1163,-0.3551,-0.0693,27,198,0.326372068,1.230171642,155,0.401671215,11,18,NA,NA,NA,2.63905733,14,1,1.017196608,5.9533,1
TCGA-DD-A4NB,C3,LIHC.iCluster:1,0.303913701,0.08,0.13,-1.4333,-0.1875,0.1108,-0.1033,-0.7601,0.2525,15,64,0.266541691,0.613045888,85,0.16607032,0,0,NA,NA,NA,2.540036304,13,0.990287117,0.678027566,15.4981,1
TCGA-DD-A73E,C3,LIHC.iCluster:3,0.037964771,0.18,0,-1.2446,-0.281,-1.7486,-2.2824,-1.0363,-1.1491,59,14,1.062587806,2.69353653,80,0.385325965,13,17,NA,NA,NA,NA,0,NA,0.837142144,0.5782,0
TCGA-DD-AACB,C2,NA,0.209725789,0.33,0.16,-0.2868,0.035,0.2647,1.4329,0.2895,-0.7404,47,64,0.849162532,1.94094293,160,0.618129086,16,19,0.884158022,3.756341151,70,2.166084939,10,0.940718736,4.376988673,7.6291,1
TCGA-DD-AACF,C4,NA,0.092518647,0.1,0.01,-0.0781,0.086,-0.2396,-0.7008,0.5331,-1.1191,66,209,0.812017748,2.674881994,128,0.311144072,10,14,NA,NA,NA,0,1,NA,0.518413756,4.1207,1
TCGA-DD-AACO,C4,NA,0.103292789,0.29,0.24,-0.6387,-0.069,-0.4748,0.1489,0.0979,-1.0534,23,9,NA,NA,156,0.623129067,10,17,NA,NA,NA,0,1,NA,0.153092585,13.7369,1
TCGA-DD-AAD5,C4,NA,0.320784732,0.43,0.19,0.2055,0.13,0.2051,-0.9443,0.9524,-0.6131,27,60,1.117643983,2.76981335,227,0.527708617,15,34,NA,NA,NA,NA,0,NA,4.907398221,1.1169,0
TCGA-DD-AADV,C4,NA,0.081732357,0.12,0.26,0.0669,0.0055,-0.3199,-0.4976,0.043,-0.3785,60,48,0.699862175,2.220252419,243,0.772779883,6,23,NA,NA,NA,1.098612289,3,1,4.053027519,3.0608,0
TCGA-DD-AAE2,C3,NA,0.133884596,0.19,0.04,-0.5358,-0.23,0.0146,0.6032,0.5857,-0.5294,47,32,0.693344756,1.817041429,515,0.622050666,5,25,0.869730853,2.764051468,24,2.944438979,19,1,4.044217532,3.0313,0
TCGA-DD-AAVP,C3,NA,0.088392807,0.19,0.03,-1.221,-0.2105,-0.8338,-0.7196,-0.6168,-0.967,42,9,0.661477839,1.665944186,146,0.237494003,5,28,NA,0,1,0,1,NA,0.53670631,1.5816,0
TCGA-DD-AAVY,C4,NA,0.022342731,0,0.04,-1.971,-0.3435,-1.384,-1.8338,-0.0002,-1.447,41,166,0.655054348,1.989424317,147,0.301235656,8,10,NA,NA,NA,0,1,NA,0.475508602,0.4457,0
TCGA-DD-AAW3,C4,NA,0.048354853,0.14,0.01,-1.3653,-0.223,-1.3739,-1.5306,-0.4283,-1.0437,35,99,0.739999316,1.948664866,69,0.224825927,7,13,NA,NA,NA,0,1,NA,0.579637819,1.3601,0
TCGA-ED-A7PX,C1,LIHC.iCluster:1,0.151057886,0.28,0.13,-0.2386,0.083,-0.2153,-0.5792,-0.1112,0.1886,17,1,0.178397468,0.713589873,280,0.800077731,4,36,NA,NA,NA,1.098612289,3,1,1.272248141,1.8304,0
TCGA-ED-A97K,C3,NA,0.304444649,0.62,0.1,-0.5578,-0.2395,0.1403,0.1532,0.1407,0.2936,24,28,0.216839547,1.03601117,182,0.827746078,28,46,NA,NA,NA,2.271868513,10,0.986659959,2.351003199,7.3708,1
TCGA-FV-A3I0,NA,NA,0.063046665,0.25,0.06,NA,NA,NA,NA,NA,NA,30,0,0.538099149,1.8192876,149,0.868953451,17,30,NA,NA,NA,NA,NA,NA,NA,2.6344,0
TCGA-FV-A495,C2,LIHC.iCluster:2,0.230157347,0.44,0.07,-0.2947,0.077,0.0501,1.117,0.9328,-0.4028,67,13,0.768437822,2.552311336,339,0.194120596,5,20,NA,0,1,1.672625446,6,0.933510036,2.830754316,24.444,1
TCGA-FV-A496,C3,LIHC.iCluster:2,0.024135889,0.14,0.26,-1.0684,-0.16,-1.6667,-2.0507,-1.0205,-1.0144,65,1,0.849231541,2.794245717,517,0.973318299,8,43,NA,NA,NA,NA,0,NA,1.810699312,0.0989,0
TCGA-G3-A25U,C4,LIHC.iCluster:3,0.031012375,0.04,0.07,-0.1277,-0.0655,-1.2066,-1.8031,-0.7441,-1.2522,34,2,0.650355046,1.781407299,157,0.366826554,6,19,NA,NA,NA,0,1,NA,1.061295647,0.7598,0
TCGA-G3-A5SM,C3,LIHC.iCluster:2,0.266194098,0.54,0.35,-0.4779,-0.127,0.1741,0.4416,0.3409,-0.2017,58,7,1.148528637,2.793012822,58,0.496995615,19,9,0.934357831,2.052993991,9,2.406159575,13,0.93809243,2.385185172,2.2831,0
TCGA-G3-AAV0,C3,NA,0.076327864,0.16,0,-1.489,-0.22,-1.008,-0.2386,-0.4322,-1.0287,91,254,1.250933419,3.728743845,103,0.176762485,4,16,NA,NA,NA,1.747868097,6,0.975503759,0.916458349,3.0061,0
TCGA-G3-AAV3,C3,NA,0.450042653,0.53,0,-0.2568,-0.1065,0.3218,1.4844,-0.2139,-0.5297,40,6,NA,NA,69,0.210608873,4,8,0.791965981,3.614808493,96,3.144314011,26,0.965076993,1.627544873,5.1676,1
TCGA-NI-A4U2,C4,LIHC.iCluster:2,0.158120752,0.32,0.02,-1.4663,-0.175,-0.6675,-1.5094,-0.7566,-0.8328,59,61,0.923411194,2.691084051,167,0.126869285,4,17,NA,NA,NA,NA,0,NA,1.443601926,0.8462,0
TCGA-RC-A7SB,C4,LIHC.iCluster:3,0.170791977,0.2,0.03,-0.3742,-0.0215,-0.61,-0.9158,-0.5381,-0.6857,34,8,NA,NA,142,0.941311587,5,19,NA,NA,NA,NA,0,NA,5.024041415,0.8523,0
TCGA-RC-A7SK,C4,LIHC.iCluster:3,0.073131757,0.32,0.15,-0.8014,-0.1625,-1.5012,-0.9854,0.3569,-0.9081,75,6,1.404107735,3.627278315,179,0.944359023,17,20,NA,NA,NA,0,1,NA,3.404704543,0.7918,0
TCGA-UB-AA0U,C3,NA,0.228240176,0.54,0.12,0.0811,-0.107,0.007,-0.0262,0.397,-0.2063,32,3,0.804019552,1.608039104,91,0.515385969,16,41,NA,NA,NA,2.772588722,16,1,1.065470796,7.1934,1
TCGA-UB-AA0V,C3,NA,0.229683326,0.68,0,-1.7875,-0.285,-0.065,0.0087,-0.2916,-0.2571,18,NA,0.417553538,0.810545103,41,4.17126E-05,0,0,NA,NA,NA,1.098612289,3,1,0.485328553,3.2775,1
